date,market,symbol,name,open,close,high,low,volume,amount,pct_chg
2025-01-02,A股,600519.SH,贵州茅台,1472.443,1436.443,1472.933,1428.443,50029.0,,
2025-01-03,A股,600519.SH,贵州茅台,1442.943,1423.443,1443.433,1415.453,32628.0,,
2025-01-06,A股,600519.SH,贵州茅台,1401.443,1388.443,1411.103,1381.243,44255.0,,
2025-01-07,A股,600519.SH,贵州茅台,1393.103,1388.643,1400.333,1387.443,24221.0,,
2025-01-08,A股,600519.SH,贵州茅台,1388.443,1390.943,1400.263,1375.103,35258.0,,
2025-01-09,A股,600519.SH,贵州茅台,1397.433,1392.443,1413.023,1381.423,29706.0,,
2025-01-10,A股,600519.SH,贵州茅台,1395.543,1384.443,1400.393,1384.443,21872.0,,
2025-01-13,A股,600519.SH,贵州茅台,1373.443,1392.423,1392.883,1370.453,21083.0,,
2025-01-14,A股,600519.SH,贵州茅台,1393.393,1420.943,1427.123,1390.443,30957.0,,
2025-01-15,A股,600519.SH,贵州茅台,1415.443,1419.713,1423.043,1408.453,18399.0,,
2025-01-16,A股,600519.SH,贵州茅台,1422.443,1394.823,1431.103,1390.443,26342.0,,
2025-01-17,A股,600519.SH,贵州茅台,1394.833,1403.193,1409.443,1394.823,18309.0,,
2025-01-20,A股,600519.SH,贵州茅台,1409.443,1423.243,1438.233,1408.443,31410.0,,
2025-01-21,A股,600519.SH,贵州茅台,1429.443,1416.593,1430.443,1413.443,16856.0,,
2025-01-22,A股,600519.SH,贵州茅台,1411.713,1389.443,1416.393,1386.443,28294.0,,
2025-01-23,A股,600519.SH,贵州茅台,1398.413,1391.443,1416.443,1386.443,27125.0,,
2025-01-24,A股,600519.SH,贵州茅台,1390.443,1384.443,1396.233,1378.753,31360.0,,
2025-01-27,A股,600519.SH,贵州茅台,1385.443,1383.433,1392.413,1375.463,29356.0,,
2025-02-05,A股,600519.SH,贵州茅台,1388.443,1352.243,1391.443,1350.653,40757.0,,
2025-02-06,A股,600519.SH,贵州茅台,1348.453,1361.283,1370.433,1348.453,27356.0,,
2025-02-07,A股,600519.SH,贵州茅台,1362.123,1384.443,1391.123,1351.853,37242.0,,
2025-02-10,A股,600519.SH,贵州茅台,1386.443,1379.953,1388.443,1375.533,20840.0,,
2025-02-11,A股,600519.SH,贵州茅台,1383.393,1366.443,1384.403,1364.343,23573.0,,
2025-02-12,A股,600519.SH,贵州茅台,1366.443,1391.443,1393.443,1365.323,25476.0,,
2025-02-13,A股,600519.SH,贵州茅台,1391.463,1413.503,1423.693,1382.953,43385.0,,
2025-02-14,A股,600519.SH,贵州茅台,1413.503,1423.443,1425.443,1406.663,27100.0,,
2025-02-17,A股,600519.SH,贵州茅台,1429.443,1420.063,1443.423,1415.543,32471.0,,
2025-02-18,A股,600519.SH,贵州茅台,1418.443,1423.443,1441.433,1410.523,27800.0,,
2025-02-19,A股,600519.SH,贵州茅台,1423.493,1439.443,1442.883,1413.343,32393.0,,
2025-02-20,A股,600519.SH,贵州茅台,1431.443,1422.443,1440.413,1421.833,23750.0,,
2025-02-21,A股,600519.SH,贵州茅台,1428.443,1436.653,1445.173,1421.453,36418.0,,
2025-02-24,A股,600519.SH,贵州茅台,1436.443,1427.513,1447.963,1422.443,34744.0,,
2025-02-25,A股,600519.SH,贵州茅台,1418.453,1402.443,1421.833,1400.443,28387.0,,
2025-02-26,A股,600519.SH,贵州茅台,1403.893,1408.453,1413.403,1393.443,26366.0,,
2025-02-27,A股,600519.SH,贵州茅台,1408.463,1434.003,1438.343,1402.443,49762.0,,
2025-02-28,A股,600519.SH,贵州茅台,1433.943,1449.233,1476.823,1430.443,56129.0,,
2025-03-03,A股,600519.SH,贵州茅台,1451.043,1435.463,1469.433,1429.943,31596.0,,
2025-03-04,A股,600519.SH,贵州茅台,1433.443,1418.553,1434.443,1413.653,25211.0,,
2025-03-05,A股,600519.SH,贵州茅台,1420.443,1414.813,1422.443,1408.543,24605.0,,
2025-03-06,A股,600519.SH,贵州茅台,1422.443,1454.423,1458.643,1420.523,42168.0,,
2025-03-07,A股,600519.SH,贵州茅台,1451.443,1469.443,1476.803,1451.443,37991.0,,
2025-03-10,A股,600519.SH,贵州茅台,1468.253,1471.343,1475.323,1454.583,31369.0,,
2025-03-11,A股,600519.SH,贵州茅台,1465.443,1497.123,1497.123,1460.443,39776.0,,
2025-03-12,A股,600519.SH,贵州茅台,1495.403,1491.023,1498.123,1474.793,29604.0,,
2025-03-13,A股,600519.SH,贵州茅台,1492.443,1486.213,1503.943,1479.323,25724.0,,
2025-03-14,A股,600519.SH,贵州茅台,1496.103,1576.453,1576.453,1489.443,92913.0,,
2025-03-17,A股,600519.SH,贵州茅台,1605.443,1586.303,1606.433,1575.323,54689.0,,
2025-03-18,A股,600519.SH,贵州茅台,1593.483,1572.443,1600.443,1570.143,31613.0,,
2025-03-19,A股,600519.SH,贵州茅台,1572.733,1584.153,1596.443,1571.443,27390.0,,
2025-03-20,A股,600519.SH,贵州茅台,1584.153,1552.443,1586.043,1543.513,36737.0,,
2025-03-21,A股,600519.SH,贵州茅台,1547.443,1522.193,1560.643,1517.273,33614.0,,
2025-03-24,A股,600519.SH,贵州茅台,1518.443,1531.443,1538.103,1510.823,25566.0,,
2025-03-25,A股,600519.SH,贵州茅台,1536.443,1523.943,1541.243,1515.103,17674.0,,
2025-03-26,A股,600519.SH,贵州茅台,1521.213,1524.443,1531.023,1519.443,14324.0,,
2025-03-27,A股,600519.SH,贵州茅台,1524.443,1537.443,1546.693,1521.823,17956.0,,
2025-03-28,A股,600519.SH,贵州茅台,1539.373,1533.653,1541.443,1524.443,16228.0,,
2025-03-31,A股,600519.SH,贵州茅台,1529.423,1509.443,1535.403,1508.503,21085.0,,
2025-04-01,A股,600519.SH,贵州茅台,1512.443,1504.463,1518.333,1500.653,18556.0,,
2025-04-02,A股,600519.SH,贵州茅台,1506.443,1497.463,1516.243,1493.943,21674.0,,
2025-04-03,A股,600519.SH,贵州茅台,1478.443,1517.323,1534.443,1477.453,35481.0,,
2025-04-07,A股,600519.SH,贵州茅台,1468.453,1448.443,1485.293,1410.443,101953.0,,
2025-04-08,A股,600519.SH,贵州茅台,1461.443,1493.443,1493.443,1443.443,73876.0,,
2025-04-09,A股,600519.SH,贵州茅台,1473.463,1489.483,1505.243,1468.993,55630.0,,
2025-04-10,A股,600519.SH,贵州茅台,1499.433,1497.443,1503.443,1476.443,38620.0,,
2025-04-11,A股,600519.SH,贵州茅台,1528.413,1517.423,1528.413,1493.443,32634.0,,
2025-04-14,A股,600519.SH,贵州茅台,1509.413,1500.433,1514.443,1499.973,21711.0,,
2025-04-15,A股,600519.SH,贵州茅台,1500.443,1506.443,1513.443,1493.443,21489.0,,
2025-04-16,A股,600519.SH,贵州茅台,1500.443,1507.613,1524.443,1485.443,31156.0,,
2025-04-17,A股,600519.SH,贵州茅台,1502.443,1518.443,1524.943,1498.433,23846.0,,
2025-04-18,A股,600519.SH,贵州茅台,1514.443,1514.383,1523.443,1504.443,20298.0,,
2025-04-21,A股,600519.SH,贵州茅台,1513.943,1499.443,1513.943,1499.443,18057.0,,
2025-04-22,A股,600519.SH,贵州茅台,1498.443,1497.243,1504.743,1491.653,18432.0,,
2025-04-23,A股,600519.SH,贵州茅台,1507.443,1500.443,1507.663,1493.443,18669.0,,
2025-04-24,A股,600519.SH,贵州茅台,1500.443,1500.693,1509.123,1497.423,14872.0,,
2025-04-25,A股,600519.SH,贵州茅台,1505.543,1498.443,1509.643,1498.443,14765.0,,
2025-04-28,A股,600519.SH,贵州茅台,1500.443,1498.443,1503.443,1495.043,14660.0,,
2025-04-29,A股,600519.SH,贵州茅台,1498.443,1492.443,1500.983,1480.463,18922.0,,
2025-04-30,A股,600519.SH,贵州茅台,1498.433,1495.443,1515.103,1494.743,25754.0,,
2025-05-06,A股,600519.SH,贵州茅台,1507.443,1498.643,1507.443,1492.773,18300.0,,
2025-05-07,A股,600519.SH,贵州茅台,1518.443,1503.443,1518.443,1498.643,27462.0,,
2025-05-08,A股,600519.SH,贵州茅台,1501.443,1526.633,1541.223,1498.273,33481.0,,
2025-05-09,A股,600519.SH,贵州茅台,1527.433,1539.623,1545.893,1523.493,23672.0,,
2025-05-12,A股,600519.SH,贵州茅台,1546.443,1552.943,1567.373,1545.053,24735.0,,
2025-05-13,A股,600519.SH,贵州茅台,1557.363,1538.743,1557.363,1533.553,21258.0,,
2025-05-14,A股,600519.SH,贵州茅台,1538.443,1583.433,1593.443,1536.623,39460.0,,
2025-05-15,A股,600519.SH,贵州茅台,1583.243,1580.453,1592.033,1572.573,24733.0,,
2025-05-16,A股,600519.SH,贵州茅台,1582.433,1562.573,1585.433,1562.573,22935.0,,
2025-05-19,A股,600519.SH,贵州茅台,1544.443,1527.423,1548.443,1522.323,38063.0,,
2025-05-20,A股,600519.SH,贵州茅台,1528.443,1534.443,1543.243,1523.543,19522.0,,
2025-05-21,A股,600519.SH,贵州茅台,1533.443,1529.413,1544.383,1529.413,19795.0,,
2025-05-22,A股,600519.SH,贵州茅台,1529.433,1528.443,1533.433,1518.543,15090.0,,
2025-05-23,A股,600519.SH,贵州茅台,1523.643,1521.043,1536.343,1520.103,21537.0,,
2025-05-26,A股,600519.SH,贵州茅台,1518.443,1498.943,1523.073,1493.443,27087.0,,
2025-05-27,A股,600519.SH,贵州茅台,1499.443,1492.343,1507.043,1491.953,17752.0,,
2025-05-28,A股,600519.SH,贵州茅台,1492.433,1485.443,1494.903,1481.443,16266.0,,
2025-05-29,A股,600519.SH,贵州茅台,1488.443,1488.443,1503.443,1480.443,21860.0,,
2025-05-30,A股,600519.SH,贵州茅台,1488.593,1470.443,1493.443,1463.683,31239.0,,
2025-06-03,A股,600519.SH,贵州茅台,1456.453,1457.443,1467.443,1453.463,28979.0,,
2025-06-04,A股,600519.SH,贵州茅台,1458.943,1458.403,1471.443,1457.663,23008.0,,
2025-06-05,A股,600519.SH,贵州茅台,1462.443,1462.443,1464.443,1450.643,23214.0,,
2025-06-06,A股,600519.SH,贵州茅台,1462.243,1454.833,1467.413,1451.443,25023.0,,
2025-06-09,A股,600519.SH,贵州茅台,1453.463,1434.553,1457.143,1434.123,44959.0,,
2025-06-10,A股,600519.SH,贵州茅台,1434.443,1423.453,1440.443,1423.243,30492.0,,
2025-06-11,A股,600519.SH,贵州茅台,1425.243,1428.443,1442.443,1424.543,30893.0,,
2025-06-12,A股,600519.SH,贵州茅台,1428.443,1407.443,1432.313,1402.543,49904.0,,
2025-06-13,A股,600519.SH,贵州茅台,1392.853,1375.393,1398.413,1373.503,59113.0,,
2025-06-16,A股,600519.SH,贵州茅台,1349.643,1370.733,1373.483,1349.623,42888.0,,
2025-06-17,A股,600519.SH,贵州茅台,1368.443,1375.443,1375.443,1360.623,27232.0,,
2025-06-18,A股,600519.SH,贵州茅台,1388.443,1373.443,1391.883,1369.453,30761.0,,
2025-06-19,A股,600519.SH,贵州茅台,1374.443,1374.443,1382.113,1365.623,24501.0,,
2025-06-20,A股,600519.SH,贵州茅台,1372.023,1377.103,1389.583,1368.643,34816.0,,
2025-06-23,A股,600519.SH,贵州茅台,1368.443,1368.443,1381.443,1353.623,26723.0,,
2025-06-24,A股,600519.SH,贵州茅台,1371.793,1385.643,1400.123,1371.793,36312.0,,
2025-06-25,A股,600519.SH,贵州茅台,1387.553,1384.303,1397.643,1368.953,41050.0,,
2025-06-26,A股,600519.SH,贵州茅台,1391.043,1396.043,1404.043,1386.123,34860.0,,
2025-06-27,A股,600519.SH,贵州茅台,1396.053,1379.133,1399.043,1379.133,38250.0,,
2025-06-30,A股,600519.SH,贵州茅台,1379.543,1385.563,1389.273,1378.043,30457.0,,
2025-07-01,A股,600519.SH,贵州茅台,1385.043,1381.143,1387.983,1379.353,19878.0,,
2025-07-02,A股,600519.SH,贵州茅台,1385.543,1385.643,1390.843,1376.043,26218.0,,
2025-07-03,A股,600519.SH,贵州茅台,1388.043,1391.643,1398.733,1384.043,24413.0,,
2025-07-04,A股,600519.SH,贵州茅台,1391.743,1398.263,1407.933,1386.053,28767.0,,
2025-07-07,A股,600519.SH,贵州茅台,1398.323,1386.743,1399.543,1386.053,23855.0,,
2025-07-08,A股,600519.SH,贵州茅台,1386.753,1392.153,1396.043,1386.743,18674.0,,
2025-07-09,A股,600519.SH,贵州茅台,1391.043,1394.923,1406.013,1390.213,27745.0,,
2025-07-10,A股,600519.SH,贵州茅台,1395.013,1402.543,1412.223,1386.443,38725.0,,
2025-07-11,A股,600519.SH,贵州茅台,1399.203,1403.043,1434.043,1399.203,57243.0,,
2025-07-14,A股,600519.SH,贵州茅台,1406.043,1399.643,1411.023,1397.643,27781.0,,
2025-07-15,A股,600519.SH,贵州茅台,1397.023,1387.043,1398.973,1384.363,35406.0,,
2025-07-16,A股,600519.SH,贵州茅台,1386.053,1387.073,1393.533,1385.993,21286.0,,
2025-07-17,A股,600519.SH,贵州茅台,1390.023,1392.393,1399.053,1388.923,23106.0,,
2025-07-18,A股,600519.SH,贵州茅台,1396.043,1413.043,1413.853,1392.423,41823.0,,
2025-07-21,A股,600519.SH,贵州茅台,1413.033,1419.043,1422.843,1411.043,26203.0,,
2025-07-22,A股,600519.SH,贵州茅台,1420.043,1441.023,1442.643,1416.723,42119.0,,
2025-07-23,A股,600519.SH,贵州茅台,1445.043,1451.543,1471.043,1444.993,45045.0,,
2025-07-24,A股,600519.SH,贵州茅台,1452.043,1467.543,1475.043,1451.043,38804.0,,
2025-07-25,A股,600519.SH,贵州茅台,1467.443,1431.043,1467.443,1429.043,41911.0,,
2025-07-28,A股,600519.SH,贵州茅台,1429.043,1414.703,1431.033,1412.343,38586.0,,
2025-07-29,A股,600519.SH,贵州茅台,1415.643,1415.043,1424.833,1411.053,26304.0,,
2025-07-30,A股,600519.SH,贵州茅台,1420.043,1425.483,1433.203,1413.043,31868.0,,
2025-07-31,A股,600519.SH,贵州茅台,1419.043,1397.713,1420.913,1394.043,51798.0,,
2025-08-01,A股,600519.SH,贵州茅台,1397.913,1393.043,1402.003,1390.043,29636.0,,
2025-08-04,A股,600519.SH,贵州茅台,1391.043,1395.043,1395.843,1390.043,18688.0,,
2025-08-05,A股,600519.SH,贵州茅台,1397.043,1403.783,1405.983,1393.153,25342.0,,
2025-08-06,A股,600519.SH,贵州茅台,1405.043,1399.923,1405.043,1395.343,23699.0,,
2025-08-07,A股,600519.SH,贵州茅台,1399.923,1398.393,1403.743,1396.103,28001.0,,
2025-08-08,A股,600519.SH,贵州茅台,1399.093,1397.013,1402.543,1394.043,18655.0,,
2025-08-11,A股,600519.SH,贵州茅台,1399.543,1421.043,1428.033,1399.043,47159.0,,
2025-08-12,A股,600519.SH,贵州茅台,1425.043,1413.083,1441.113,1412.043,42019.0,,
2025-08-13,A股,600519.SH,贵州茅台,1401.043,1396.093,1409.723,1396.043,65528.0,,
2025-08-14,A股,600519.SH,贵州茅台,1396.983,1403.033,1423.553,1396.983,48129.0,,
2025-08-15,A股,600519.SH,贵州茅台,1402.053,1398.123,1404.703,1396.263,47582.0,,
2025-08-18,A股,600519.SH,贵州茅台,1403.033,1404.543,1412.683,1399.143,47378.0,,
2025-08-19,A股,600519.SH,贵州茅台,1409.543,1414.043,1422.703,1408.043,46372.0,,
2025-08-20,A股,600519.SH,贵州茅台,1414.043,1426.043,1428.843,1406.063,45805.0,,
2025-08-21,A股,600519.SH,贵州茅台,1429.493,1424.293,1431.033,1419.693,30891.0,,
2025-08-22,A股,600519.SH,贵州茅台,1424.923,1439.993,1440.043,1420.813,44971.0,,
2025-08-25,A股,600519.SH,贵州茅台,1446.053,1466.373,1472.043,1442.043,65325.0,,
2025-08-26,A股,600519.SH,贵州茅台,1466.363,1457.653,1470.273,1456.053,39602.0,,
2025-08-27,A股,600519.SH,贵州茅台,1457.923,1424.043,1460.973,1424.043,56006.0,,
2025-08-28,A股,600519.SH,贵州茅台,1424.013,1422.143,1432.143,1414.813,39282.0,,
2025-08-29,A股,600519.SH,贵州茅台,1429.043,1456.043,1458.623,1428.043,62256.0,,
2025-09-01,A股,600519.SH,贵州茅台,1458.243,1452.143,1464.043,1441.743,45123.0,,
2025-09-02,A股,600519.SH,贵州茅台,1454.703,1467.343,1485.043,1454.043,56688.0,,
2025-09-03,A股,600519.SH,贵州茅台,1467.043,1456.593,1479.543,1442.043,45045.0,,
2025-09-04,A股,600519.SH,贵州茅台,1448.043,1448.703,1455.343,1436.513,47747.0,,
2025-09-05,A股,600519.SH,贵州茅台,1447.043,1459.043,1463.013,1440.043,37388.0,,
2025-09-08,A股,600519.SH,贵州茅台,1459.043,1477.273,1482.483,1453.543,51383.0,,
2025-09-09,A股,600519.SH,贵州茅台,1481.043,1481.043,1485.993,1469.463,35743.0,,
2025-09-10,A股,600519.SH,贵州茅台,1482.703,1498.053,1505.993,1472.043,49663.0,,
2025-09-11,A股,600519.SH,贵州茅台,1498.053,1499.543,1502.063,1484.543,37239.0,,
2025-09-12,A股,600519.SH,贵州茅台,1502.043,1492.043,1514.063,1486.573,33722.0,,
2025-09-15,A股,600519.SH,贵州茅台,1491.913,1491.143,1493.523,1477.543,25827.0,,
2025-09-16,A股,600519.SH,贵州茅台,1491.143,1476.023,1497.033,1472.253,32718.0,,
2025-09-17,A股,600519.SH,贵州茅台,1476.033,1469.043,1486.323,1466.053,30331.0,,
2025-09-18,A股,600519.SH,贵州茅台,1468.043,1444.003,1473.843,1439.543,49721.0,,
2025-09-19,A股,600519.SH,贵州茅台,1444.033,1444.013,1451.543,1433.053,32637.0,,
2025-09-22,A股,600519.SH,贵州茅台,1441.133,1429.393,1444.013,1426.053,34947.0,,
2025-09-23,A股,600519.SH,贵州茅台,1426.543,1423.463,1433.543,1416.043,38663.0,,
2025-09-24,A股,600519.SH,贵州茅台,1410.113,1418.043,1432.823,1410.113,30744.0,,
2025-09-25,A股,600519.SH,贵州茅台,1418.873,1415.043,1421.253,1412.043,33870.0,,
2025-09-26,A股,600519.SH,贵州茅台,1417.223,1411.043,1423.153,1404.053,45121.0,,
2025-09-29,A股,600519.SH,贵州茅台,1415.423,1436.903,1446.033,1411.043,53684.0,,
2025-09-30,A股,600519.SH,贵州茅台,1436.043,1420.033,1436.803,1416.043,39364.0,,
2025-10-09,A股,600519.SH,贵州茅台,1412.043,1412.823,1415.423,1396.043,54918.0,,
2025-10-10,A股,600519.SH,贵州茅台,1413.643,1406.043,1415.983,1403.543,36001.0,,
2025-10-13,A股,600519.SH,贵州茅台,1391.743,1395.243,1398.893,1391.163,46069.0,,
2025-10-14,A股,600519.SH,贵州茅台,1406.033,1427.063,1440.043,1406.033,66672.0,,
2025-10-15,A股,600519.SH,贵州茅台,1427.023,1438.043,1439.043,1421.123,42785.0,,
2025-10-16,A股,600519.SH,贵州茅台,1437.963,1460.953,1460.993,1434.923,45730.0,,
2025-10-17,A股,600519.SH,贵州茅台,1459.143,1431.043,1464.043,1430.073,38086.0,,
2025-10-20,A股,600519.SH,贵州茅台,1431.043,1433.973,1445.543,1430.923,25950.0,,
2025-10-21,A股,600519.SH,贵州茅台,1435.043,1438.303,1445.983,1431.543,25443.0,,
2025-10-22,A股,600519.SH,贵州茅台,1438.123,1434.743,1441.773,1432.043,18195.0,,
2025-10-23,A股,600519.SH,贵州茅台,1431.043,1444.023,1444.843,1423.243,29322.0,,
2025-10-24,A股,600519.SH,贵州茅台,1443.993,1426.043,1454.923,1425.383,38226.0,,
2025-10-27,A股,600519.SH,贵州茅台,1416.043,1416.453,1428.533,1412.033,37102.0,,
2025-10-28,A股,600519.SH,贵州茅台,1418.043,1421.043,1427.243,1417.143,27124.0,,
2025-10-29,A股,600519.SH,贵州茅台,1416.063,1407.943,1422.593,1406.083,33937.0,,
2025-10-30,A股,600519.SH,贵州茅台,1397.853,1402.783,1412.673,1397.853,47456.0,,
2025-10-31,A股,600519.SH,贵州茅台,1398.043,1406.053,1412.023,1396.153,35694.0,,
2025-11-03,A股,600519.SH,贵州茅台,1407.043,1411.043,1424.043,1396.143,34548.0,,
2025-11-04,A股,600519.SH,贵州茅台,1411.143,1405.043,1411.823,1399.823,26566.0,,
2025-11-05,A股,600519.SH,贵州茅台,1401.933,1396.123,1407.033,1396.053,34475.0,,
2025-11-06,A股,600519.SH,贵州茅台,1406.043,1411.173,1417.493,1406.033,38348.0,,
2025-11-07,A股,600519.SH,贵州茅台,1411.153,1409.373,1415.823,1407.153,18861.0,,
2025-11-10,A股,600519.SH,贵州茅台,1411.043,1438.343,1439.733,1411.023,49452.0,,
2025-11-11,A股,600519.SH,贵州茅台,1438.043,1435.033,1438.223,1423.043,26692.0,,
2025-11-12,A股,600519.SH,贵州茅台,1436.023,1441.193,1454.403,1435.253,32992.0,,
2025-11-13,A股,600519.SH,贵州茅台,1438.163,1446.423,1449.623,1434.043,31179.0,,
2025-11-14,A股,600519.SH,贵州茅台,1446.043,1432.643,1454.993,1432.343,27473.0,,
2025-11-17,A股,600519.SH,贵州茅台,1430.043,1447.043,1449.043,1421.833,34462.0,,
2025-11-18,A股,600519.SH,贵州茅台,1446.743,1452.043,1462.113,1445.043,34205.0,,
2025-11-19,A股,600519.SH,贵州茅台,1450.043,1447.053,1455.573,1446.003,22045.0,,
2025-11-20,A股,600519.SH,贵州茅台,1448.043,1443.153,1455.943,1441.073,24002.0,,
2025-11-21,A股,600519.SH,贵州茅台,1446.543,1442.643,1456.043,1432.043,42607.0,,
2025-11-24,A股,600519.SH,贵州茅台,1443.043,1428.043,1447.043,1427.173,33607.0,,
2025-11-25,A股,600519.SH,贵州茅台,1434.043,1420.693,1434.043,1420.543,28441.0,,
2025-11-26,A股,600519.SH,贵州茅台,1424.923,1425.193,1429.533,1419.623,20306.0,,
2025-11-27,A股,600519.SH,贵州茅台,1425.543,1423.343,1426.043,1415.083,22287.0,,
2025-11-28,A股,600519.SH,贵州茅台,1422.543,1426.543,1431.543,1419.043,23211.0,,
2025-12-01,A股,600519.SH,贵州茅台,1427.043,1424.043,1438.313,1418.043,27333.0,,
2025-12-02,A股,600519.SH,贵州茅台,1424.043,1412.073,1427.963,1411.063,25047.0,,
2025-12-03,A股,600519.SH,贵州茅台,1411.853,1405.143,1412.013,1404.043,23573.0,,
2025-12-04,A股,600519.SH,贵州茅台,1405.143,1400.023,1408.543,1394.423,29075.0,,
2025-12-05,A股,600519.SH,贵州茅台,1400.023,1406.053,1409.133,1395.543,25402.0,,
2025-12-08,A股,600519.SH,贵州茅台,1405.243,1394.263,1412.713,1394.043,33603.0,,
2025-12-09,A股,600519.SH,贵州茅台,1394.273,1377.053,1397.043,1376.093,42634.0,,
2025-12-10,A股,600519.SH,贵州茅台,1376.043,1378.843,1378.843,1359.223,33133.0,,
2025-12-11,A股,600519.SH,贵州茅台,1382.703,1388.033,1388.033,1377.593,22385.0,,
2025-12-12,A股,600519.SH,贵州茅台,1394.043,1396.693,1401.043,1389.613,37159.0,,
2025-12-15,A股,600519.SH,贵州茅台,1415.633,1402.043,1416.033,1401.613,33359.0,,
2025-12-16,A股,600519.SH,贵州茅台,1402.243,1398.043,1404.823,1391.043,23964.0,,
2025-12-17,A股,600519.SH,贵州茅台,1401.043,1409.143,1415.983,1393.723,31382.0,,
2025-12-18,A股,600519.SH,贵州茅台,1409.543,1407.043,1414.923,1402.153,17830.0,,
2025-12-19,A股,600519.SH,贵州茅台,1410.0,1410.0,1412.45,1401.01,26509.0,,
2025-12-22,A股,600519.SH,贵州茅台,1410.0,1408.26,1414.14,1406.58,20426.0,,
2025-12-23,A股,600519.SH,贵州茅台,1408.26,1407.86,1412.93,1397.19,24507.0,,
2025-12-24,A股,600519.SH,贵州茅台,1404.99,1400.9,1406.36,1400.0,25187.0,,
2025-12-25,A股,600519.SH,贵州茅台,1405.0,1414.17,1419.48,1401.38,23386.0,,
2025-12-26,A股,600519.SH,贵州茅台,1414.17,1414.13,1419.14,1410.0,17803.0,,
2025-12-29,A股,600519.SH,贵州茅台,1414.13,1402.0,1414.13,1401.0,26308.0,,
2025-12-30,A股,600519.SH,贵州茅台,1401.0,1389.72,1401.9,1386.0,33792.0,,
2025-12-31,A股,600519.SH,贵州茅台,1390.0,1377.18,1394.0,1377.17,34766.0,,
2026-01-05,A股,600519.SH,贵州茅台,1385.0,1426.0,1431.88,1385.0,70949.0,,
2026-01-06,A股,600519.SH,贵州茅台,1432.55,1428.01,1436.97,1416.53,39586.0,,
2026-01-07,A股,600519.SH,贵州茅台,1432.88,1423.36,1435.0,1420.2,29684.0,,
2026-01-08,A股,600519.SH,贵州茅台,1423.33,1412.3,1423.36,1408.14,29135.0,,
2026-01-09,A股,600519.SH,贵州茅台,1417.0,1419.1,1428.6,1416.01,29848.0,,
2026-01-12,A股,600519.SH,贵州茅台,1419.1,1423.23,1431.0,1417.1,36083.0,,
2026-01-13,A股,600519.SH,贵州茅台,1426.79,1411.0,1429.52,1408.99,39169.0,,
2026-01-14,A股,600519.SH,贵州茅台,1411.0,1398.01,1422.25,1396.18,51758.0,,
2026-01-15,A股,600519.SH,贵州茅台,1396.02,1388.89,1402.83,1388.58,40907.0,,
2026-01-16,A股,600519.SH,贵州茅台,1395.0,1382.0,1397.5,1380.0,55121.0,,
2026-01-19,A股,600519.SH,贵州茅台,1381.9,1376.0,1387.49,1375.0,42286.0,,
2026-01-20,A股,600519.SH,贵州茅台,1379.5,1373.55,1381.58,1372.05,36484.0,,
2026-01-21,A股,600519.SH,贵州茅台,1373.56,1351.06,1374.4,1350.0,64516.0,,
2026-01-22,A股,600519.SH,贵州茅台,1352.01,1340.06,1361.76,1337.48,59011.0,,
2026-01-23,A股,600519.SH,贵州茅台,1340.1,1337.0,1348.0,1332.47,61949.0,,
2026-01-26,A股,600519.SH,贵州茅台,1340.51,1342.0,1355.0,1325.12,80166.0,,
2026-01-27,A股,600519.SH,贵州茅台,1344.98,1343.01,1353.7,1338.0,48416.0,,
2026-01-28,A股,600519.SH,贵州茅台,1343.04,1323.69,1346.71,1322.01,76218.0,,
2026-01-29,A股,600519.SH,贵州茅台,1335.0,1437.72,1445.0,1329.06,189534.0,,
2026-01-30,A股,600519.SH,贵州茅台,1435.0,1401.0,1435.0,1401.0,94480.0,,
2026-02-02,A股,600519.SH,贵州茅台,1425.0,1427.0,1458.58,1411.62,85724.0,,
2026-02-03,A股,600519.SH,贵州茅台,1445.0,1474.92,1476.81,1443.03,86321.0,,
2026-02-04,A股,600519.SH,贵州茅台,1485.0,1525.0,1533.27,1474.0,109123.0,,
2026-02-05,A股,600519.SH,贵州茅台,1520.0,1555.0,1565.0,1515.0,91623.0,,
2026-02-06,A股,600519.SH,贵州茅台,1555.0,1515.01,1568.0,1505.88,78965.0,,
2026-02-09,A股,600519.SH,贵州茅台,1518.0,1524.96,1542.88,1513.49,51168.0,,
2026-02-10,A股,600519.SH,贵州茅台,1524.97,1504.8,1524.97,1496.5,39576.0,,
2026-02-11,A股,600519.SH,贵州茅台,1504.8,1504.33,1514.0,1496.0,30928.0,,
2026-02-12,A股,600519.SH,贵州茅台,1500.2,1486.6,1502.82,1473.36,46246.0,,
2026-02-13,A股,600519.SH,贵州茅台,1486.6,1485.3,1507.8,1470.58,41679.0,,
2026-02-24,A股,600519.SH,贵州茅台,1521.0,1466.8,1524.4,1463.6,41913.0,,
2026-02-25,A股,600519.SH,贵州茅台,1470.0,1491.66,1509.66,1467.88,36881.0,,
2026-02-26,A股,600519.SH,贵州茅台,1486.6,1466.21,1489.49,1464.67,32958.0,,
2026-02-27,A股,600519.SH,贵州茅台,1466.99,1455.02,1476.21,1455.02,32160.0,,
2026-03-02,A股,600519.SH,贵州茅台,1450.0,1440.11,1457.0,1436.66,35454.0,,
2026-03-03,A股,600519.SH,贵州茅台,1440.1,1426.19,1452.87,1422.13,45891.0,,
2026-03-04,A股,600519.SH,贵州茅台,1415.0,1401.18,1423.0,1392.09,48014.0,,
2026-03-05,A股,600519.SH,贵州茅台,1406.0,1399.04,1412.96,1395.0,30505.0,,
2026-03-06,A股,600519.SH,贵州茅台,1395.0,1402.0,1407.5,1388.0,29154.0,,
2026-03-09,A股,600519.SH,贵州茅台,1390.0,1397.0,1404.9,1383.2,37442.0,,
2026-03-10,A股,600519.SH,贵州茅台,1404.9,1401.88,1409.49,1398.0,24626.0,,
2026-03-11,A股,600519.SH,贵州茅台,1402.99,1400.0,1405.99,1398.02,24457.0,,
2026-03-12,A股,600519.SH,贵州茅台,1395.0,1392.0,1403.95,1391.01,27586.0,,
2026-03-13,A股,600519.SH,贵州茅台,1392.48,1413.64,1417.62,1392.0,33608.0,,
2026-03-16,A股,600519.SH,贵州茅台,1420.0,1460.18,1466.0,1420.0,60086.0,,
2026-03-17,A股,600519.SH,贵州茅台,1468.0,1485.0,1498.07,1461.19,49454.0,,
2026-03-18,A股,600519.SH,贵州茅台,1489.0,1468.8,1496.5,1463.15,35551.0,,
2026-03-19,A股,600519.SH,贵州茅台,1472.96,1452.87,1473.0,1446.0,30319.0,,
2026-03-20,A股,600519.SH,贵州茅台,1452.96,1445.0,1462.5,1439.0,26132.0,,
2026-03-23,A股,600519.SH,贵州茅台,1433.33,1408.07,1435.0,1400.03,47256.0,,
2026-03-24,A股,600519.SH,贵州茅台,1416.0,1407.33,1417.59,1400.18,28562.0,,
2026-03-25,A股,600519.SH,贵州茅台,1410.11,1410.27,1417.87,1401.01,26093.0,,
2026-03-26,A股,600519.SH,贵州茅台,1409.0,1401.18,1413.9,1400.3,23093.0,,
2026-03-27,A股,600519.SH,贵州茅台,1400.0,1416.02,1426.0,1396.66,30087.0,,
2026-03-30,A股,600519.SH,贵州茅台,1407.0,1420.0,1431.0,1402.52,28685.0,,
2026-03-31,A股,600519.SH,贵州茅台,1468.0,1450.0,1479.93,1448.41,61691.0,,
2026-04-01,A股,600519.SH,贵州茅台,1464.49,1459.44,1469.99,1452.88,29125.0,,
2026-04-02,A股,600519.SH,贵州茅台,1459.44,1459.88,1464.88,1452.1,21064.0,,
2026-04-03,A股,600519.SH,贵州茅台,1459.54,1460.0,1469.96,1455.0,20194.0,,
2026-04-07,A股,600519.SH,贵州茅台,1460.05,1440.02,1470.0,1435.05,24152.0,,
2026-04-08,A股,600519.SH,贵州茅台,1460.0,1465.02,1469.08,1452.13,33836.0,,
2026-04-09,A股,600519.SH,贵州茅台,1465.02,1460.49,1465.02,1447.5,20705.0,,
2026-04-10,A股,600519.SH,贵州茅台,1459.14,1453.96,1459.71,1441.1,28866.0,,
2026-04-13,A股,600519.SH,贵州茅台,1444.0,1443.31,1446.5,1433.0,25214.0,,
2026-04-14,A股,600519.SH,贵州茅台,1442.6,1446.9,1448.6,1435.0,24233.0,,
2026-04-15,A股,600519.SH,贵州茅台,1444.98,1467.5,1470.79,1442.0,34553.0,,
2026-04-16,A股,600519.SH,贵州茅台,1467.45,1462.84,1477.41,1460.0,24513.0,,
2026-04-17,A股,600519.SH,贵州茅台,1400.0,1407.24,1421.0,1399.87,96825.0,,
2026-04-20,A股,600519.SH,贵州茅台,1403.0,1410.89,1413.94,1400.0,36451.0,,
2026-04-21,A股,600519.SH,贵州茅台,1411.0,1412.01,1419.9,1410.0,21754.0,,
2026-04-22,A股,600519.SH,贵州茅台,1415.0,1409.5,1419.0,1404.98,26916.0,,
2026-04-23,A股,600519.SH,贵州茅台,1408.0,1419.0,1419.7,1405.1,37701.0,,
2026-04-24,A股,600519.SH,贵州茅台,1413.1,1458.49,1458.88,1413.1,55455.0,,
2026-04-27,A股,600519.SH,贵州茅台,1420.0,1403.2,1420.0,1402.2,72798.0,,
2026-04-28,A股,600519.SH,贵州茅台,1402.0,1405.0,1409.39,1400.11,34004.0,,
2026-04-29,A股,600519.SH,贵州茅台,1405.0,1401.17,1409.75,1400.28,34813.0,,
2026-04-30,A股,600519.SH,贵州茅台,1400.0,1384.79,1401.17,1380.0,52753.0,,
2026-05-06,A股,600519.SH,贵州茅台,1365.1,1375.0,1379.0,1360.05,47806.0,,
2026-05-07,A股,600519.SH,贵州茅台,1375.0,1371.05,1388.0,1370.01,40461.0,,
2026-05-08,A股,600519.SH,贵州茅台,1371.66,1372.99,1382.77,1370.0,33369.0,,
2026-05-11,A股,600519.SH,贵州茅台,1372.89,1361.33,1372.89,1361.0,57135.0,,
2026-05-12,A股,600519.SH,贵州茅台,1362.0,1354.55,1363.58,1350.5,50837.0,,
2026-05-13,A股,600519.SH,贵州茅台,1354.5,1344.09,1358.6,1338.0,56968.0,,
2025-01-02,A股,300750.SZ,宁德时代,252.58,245.11,252.63,243.33,233546.0,,
2025-01-03,A股,300750.SZ,宁德时代,245.11,243.96,249.33,243.54,185238.0,,
2025-01-06,A股,300750.SZ,宁德时代,244.33,243.08,246.33,239.33,172891.0,,
2025-01-07,A股,300750.SZ,宁德时代,229.33,235.78,238.33,227.41,401036.0,,
2025-01-08,A股,300750.SZ,宁德时代,232.32,231.67,234.64,229.65,271858.0,,
2025-01-09,A股,300750.SZ,宁德时代,227.68,233.66,236.58,227.49,169329.0,,
2025-01-10,A股,300750.SZ,宁德时代,232.83,232.33,236.28,231.01,147294.0,,
2025-01-13,A股,300750.SZ,宁德时代,229.83,233.24,236.33,228.33,180922.0,,
2025-01-14,A股,300750.SZ,宁德时代,234.04,242.53,243.33,231.54,202467.0,,
2025-01-15,A股,300750.SZ,宁德时代,242.53,237.2,242.73,236.0,150627.0,,
2025-01-16,A股,300750.SZ,宁德时代,238.33,236.26,240.93,234.59,161884.0,,
2025-01-17,A股,300750.SZ,宁德时代,234.83,237.83,239.83,234.41,111066.0,,
2025-01-20,A股,300750.SZ,宁德时代,242.83,251.85,253.94,242.64,342835.0,,
2025-01-21,A股,300750.SZ,宁德时代,254.83,250.51,255.09,249.55,138933.0,,
2025-01-22,A股,300750.SZ,宁德时代,248.33,244.33,251.23,240.54,250407.0,,
2025-01-23,A股,300750.SZ,宁德时代,246.18,243.83,248.83,243.31,165537.0,,
2025-01-24,A股,300750.SZ,宁德时代,243.565,248.175,252.335,243.565,224398.0,,
2025-01-27,A股,300750.SZ,宁德时代,248.185,244.555,250.525,244.555,171026.0,,
2025-02-05,A股,300750.SZ,宁德时代,247.555,239.675,249.555,238.605,240481.0,,
2025-02-06,A股,300750.SZ,宁德时代,238.555,240.655,241.045,236.755,248961.0,,
2025-02-07,A股,300750.SZ,宁德时代,244.555,248.835,250.115,239.175,344413.0,,
2025-02-10,A股,300750.SZ,宁德时代,248.835,246.005,249.025,242.735,229267.0,,
2025-02-11,A股,300750.SZ,宁德时代,247.995,239.355,248.055,238.615,247920.0,,
2025-02-12,A股,300750.SZ,宁德时代,237.565,242.855,243.555,234.635,273822.0,,
2025-02-13,A股,300750.SZ,宁德时代,243.545,248.945,251.545,242.655,375350.0,,
2025-02-14,A股,300750.SZ,宁德时代,249.085,257.265,260.555,249.085,387800.0,,
2025-02-17,A股,300750.SZ,宁德时代,262.455,256.955,262.455,253.575,241830.0,,
2025-02-18,A股,300750.SZ,宁德时代,260.515,258.325,263.055,256.555,238458.0,,
2025-02-19,A股,300750.SZ,宁德时代,256.125,261.105,263.555,256.105,204455.0,,
2025-02-20,A股,300750.SZ,宁德时代,260.355,257.755,260.355,254.555,195890.0,,
2025-02-21,A股,300750.SZ,宁德时代,256.135,263.105,264.435,255.335,309519.0,,
2025-02-24,A股,300750.SZ,宁德时代,260.565,259.055,262.255,255.715,277538.0,,
2025-02-25,A股,300750.SZ,宁德时代,255.035,257.035,261.555,252.065,232094.0,,
2025-02-26,A股,300750.SZ,宁德时代,259.005,256.175,260.435,254.735,211731.0,,
2025-02-27,A股,300750.SZ,宁德时代,257.825,257.555,259.255,255.225,231851.0,,
2025-02-28,A股,300750.SZ,宁德时代,257.155,251.855,258.865,251.165,222655.0,,
2025-03-03,A股,300750.SZ,宁德时代,252.555,261.085,266.855,249.795,387364.0,,
2025-03-04,A股,300750.SZ,宁德时代,257.555,250.555,258.555,250.285,268365.0,,
2025-03-05,A股,300750.SZ,宁德时代,250.555,248.545,251.445,246.055,208696.0,,
2025-03-06,A股,300750.SZ,宁德时代,249.805,251.865,253.085,248.555,250273.0,,
2025-03-07,A股,300750.SZ,宁德时代,250.515,248.315,251.135,246.235,222871.0,,
2025-03-10,A股,300750.SZ,宁德时代,249.355,244.055,249.415,241.165,286751.0,,
2025-03-11,A股,300750.SZ,宁德时代,240.625,242.755,243.055,240.605,171351.0,,
2025-03-12,A股,300750.SZ,宁德时代,243.565,242.055,244.175,239.045,199147.0,,
2025-03-13,A股,300750.SZ,宁德时代,241.555,240.775,246.755,240.555,168852.0,,
2025-03-14,A股,300750.SZ,宁德时代,240.555,249.555,252.405,240.205,351089.0,,
2025-03-17,A股,300750.SZ,宁德时代,250.655,243.555,253.025,243.295,335155.0,,
2025-03-18,A股,300750.SZ,宁德时代,245.555,244.555,248.335,243.055,225767.0,,
2025-03-19,A股,300750.SZ,宁德时代,244.755,252.945,254.525,244.335,369541.0,,
2025-03-20,A股,300750.SZ,宁德时代,252.945,249.705,254.055,248.575,144247.0,,
2025-03-21,A股,300750.SZ,宁德时代,250.235,243.555,252.085,243.225,194320.0,,
2025-03-24,A股,300750.SZ,宁德时代,245.255,245.715,246.535,243.835,167302.0,,
2025-03-25,A股,300750.SZ,宁德时代,245.265,247.035,247.555,242.845,127858.0,,
2025-03-26,A股,300750.SZ,宁德时代,246.955,244.475,250.255,244.255,129046.0,,
2025-03-27,A股,300750.SZ,宁德时代,243.745,246.435,250.355,241.805,141792.0,,
2025-03-28,A股,300750.SZ,宁德时代,243.665,244.355,246.435,243.355,112421.0,,
2025-03-31,A股,300750.SZ,宁德时代,243.615,240.495,245.535,239.675,194634.0,,
2025-04-01,A股,300750.SZ,宁德时代,240.495,236.615,242.055,236.135,194162.0,,
2025-04-02,A股,300750.SZ,宁德时代,237.755,236.695,240.015,235.115,137321.0,,
2025-04-03,A股,300750.SZ,宁德时代,232.555,230.635,235.255,230.105,232816.0,,
2025-04-07,A股,300750.SZ,宁德时代,213.645,202.775,217.555,196.665,723646.0,,
2025-04-08,A股,300750.SZ,宁德时代,207.505,206.605,212.555,203.955,476594.0,,
2025-04-09,A股,300750.SZ,宁德时代,200.475,198.945,206.305,197.645,536023.0,,
2025-04-10,A股,300750.SZ,宁德时代,208.555,205.535,210.345,203.015,372741.0,,
2025-04-11,A股,300750.SZ,宁德时代,203.555,211.555,213.105,202.255,302991.0,,
2025-04-14,A股,300750.SZ,宁德时代,214.705,211.555,215.555,210.235,206965.0,,
2025-04-15,A股,300750.SZ,宁德时代,213.555,215.705,218.005,212.675,266865.0,,
2025-04-16,A股,300750.SZ,宁德时代,214.555,212.445,214.735,209.105,216551.0,,
2025-04-17,A股,300750.SZ,宁德时代,210.555,213.555,214.885,209.775,157377.0,,
2025-04-18,A股,300750.SZ,宁德时代,212.765,213.015,214.055,211.215,115128.0,,
2025-04-21,A股,300750.SZ,宁德时代,213.015,218.915,222.555,211.735,220082.0,,
2025-04-22,A股,300750.SZ,宁德时代,222.092,222.782,223.252,219.292,169354.0,,
2025-04-23,A股,300750.SZ,宁德时代,227.092,225.442,230.842,225.092,191980.0,,
2025-04-24,A股,300750.SZ,宁德时代,226.592,228.962,230.752,224.342,181554.0,,
2025-04-25,A股,300750.SZ,宁德时代,229.292,228.692,230.012,227.182,127620.0,,
2025-04-28,A股,300750.SZ,宁德时代,230.342,226.942,230.352,225.292,143124.0,,
2025-04-29,A股,300750.SZ,宁德时代,226.092,224.122,226.892,222.812,167424.0,,
2025-04-30,A股,300750.SZ,宁德时代,225.142,223.592,226.472,223.592,156328.0,,
2025-05-06,A股,300750.SZ,宁德时代,226.002,223.722,228.392,223.292,196877.0,,
2025-05-07,A股,300750.SZ,宁德时代,228.542,230.702,232.972,228.172,312810.0,,
2025-05-08,A股,300750.SZ,宁德时代,231.582,236.662,240.772,230.072,312856.0,,
2025-05-09,A股,300750.SZ,宁德时代,238.162,240.362,241.862,236.742,236933.0,,
2025-05-12,A股,300750.SZ,宁德时代,247.092,249.092,250.082,245.092,302315.0,,
2025-05-13,A股,300750.SZ,宁德时代,254.092,250.862,254.092,247.112,204806.0,,
2025-05-14,A股,300750.SZ,宁德时代,250.862,254.692,256.552,248.102,231463.0,,
2025-05-15,A股,300750.SZ,宁德时代,254.712,252.272,254.962,251.692,141119.0,,
2025-05-16,A股,300750.SZ,宁德时代,251.232,251.452,253.822,249.822,189001.0,,
2025-05-19,A股,300750.SZ,宁德时代,252.592,252.092,252.632,249.362,169740.0,,
2025-05-20,A股,300750.SZ,宁德时代,256.532,255.092,257.592,247.292,346424.0,,
2025-05-21,A股,300750.SZ,宁德时代,259.082,266.172,272.082,257.892,565245.0,,
2025-05-22,A股,300750.SZ,宁德时代,269.892,262.462,270.032,260.362,276081.0,,
2025-05-23,A股,300750.SZ,宁德时代,263.102,259.082,266.092,259.042,230004.0,,
2025-05-26,A股,300750.SZ,宁德时代,257.092,247.992,258.472,244.992,330122.0,,
2025-05-27,A股,300750.SZ,宁德时代,247.982,246.082,249.302,244.482,176680.0,,
2025-05-28,A股,300750.SZ,宁德时代,247.702,245.692,250.362,245.412,154563.0,,
2025-05-29,A股,300750.SZ,宁德时代,245.092,243.942,246.072,241.092,217883.0,,
2025-05-30,A股,300750.SZ,宁德时代,242.992,242.092,244.742,239.562,204337.0,,
2025-06-03,A股,300750.SZ,宁德时代,244.092,243.242,245.992,242.532,158412.0,,
2025-06-04,A股,300750.SZ,宁德时代,244.592,243.142,245.692,242.792,130402.0,,
2025-06-05,A股,300750.SZ,宁德时代,243.452,243.592,244.532,240.362,135259.0,,
2025-06-06,A股,300750.SZ,宁德时代,244.092,240.972,245.422,240.592,165515.0,,
2025-06-09,A股,300750.SZ,宁德时代,240.972,237.672,242.972,237.592,185498.0,,
2025-06-10,A股,300750.SZ,宁德时代,237.092,235.232,238.952,234.312,139325.0,,
2025-06-11,A股,300750.SZ,宁德时代,238.182,242.592,244.532,236.892,279934.0,,
2025-06-12,A股,300750.SZ,宁德时代,244.092,241.902,244.592,240.862,175696.0,,
2025-06-13,A股,300750.SZ,宁德时代,240.192,240.292,242.502,238.462,174032.0,,
2025-06-16,A股,300750.SZ,宁德时代,240.092,238.752,240.792,237.892,122176.0,,
2025-06-17,A股,300750.SZ,宁德时代,239.052,238.352,240.522,237.312,97650.0,,
2025-06-18,A股,300750.SZ,宁德时代,239.072,237.662,241.672,237.662,104606.0,,
2025-06-19,A股,300750.SZ,宁德时代,237.392,234.192,238.252,233.692,147985.0,,
2025-06-20,A股,300750.SZ,宁德时代,233.152,232.352,235.212,231.592,136883.0,,
2025-06-23,A股,300750.SZ,宁德时代,231.392,231.702,232.692,230.122,127099.0,,
2025-06-24,A股,300750.SZ,宁德时代,232.672,238.012,240.172,232.672,235011.0,,
2025-06-25,A股,300750.SZ,宁德时代,238.592,246.992,247.972,238.092,315377.0,,
2025-06-26,A股,300750.SZ,宁德时代,247.972,244.882,248.382,244.452,199145.0,,
2025-06-27,A股,300750.SZ,宁德时代,248.592,243.082,249.542,242.202,236201.0,,
2025-06-30,A股,300750.SZ,宁德时代,243.592,244.312,245.592,241.792,176234.0,,
2025-07-01,A股,300750.SZ,宁德时代,244.592,243.592,244.832,241.972,95323.0,,
2025-07-02,A股,300750.SZ,宁德时代,243.592,242.542,244.102,241.282,115714.0,,
2025-07-03,A股,300750.SZ,宁德时代,243.562,254.682,255.302,242.682,338037.0,,
2025-07-04,A股,300750.SZ,宁德时代,257.102,257.892,262.072,253.072,272060.0,,
2025-07-07,A股,300750.SZ,宁德时代,257.892,252.982,260.972,250.972,174665.0,,
2025-07-08,A股,300750.SZ,宁德时代,252.792,255.402,257.992,251.912,155923.0,,
2025-07-09,A股,300750.SZ,宁德时代,254.292,262.892,266.552,254.192,293884.0,,
2025-07-10,A股,300750.SZ,宁德时代,267.082,264.092,267.082,260.592,242393.0,,
2025-07-11,A股,300750.SZ,宁德时代,263.592,263.592,266.092,262.192,213282.0,,
2025-07-14,A股,300750.SZ,宁德时代,263.092,260.592,263.412,258.192,149789.0,,
2025-07-15,A股,300750.SZ,宁德时代,260.592,259.842,264.592,258.092,169526.0,,
2025-07-16,A股,300750.SZ,宁德时代,260.592,256.492,260.792,255.132,156265.0,,
2025-07-17,A股,300750.SZ,宁德时代,257.462,257.592,259.842,256.452,145110.0,,
2025-07-18,A股,300750.SZ,宁德时代,260.792,263.292,264.542,257.892,221866.0,,
2025-07-21,A股,300750.SZ,宁德时代,269.092,271.752,274.092,265.642,324863.0,,
2025-07-22,A股,300750.SZ,宁德时代,272.092,278.752,282.092,271.272,333090.0,,
2025-07-23,A股,300750.SZ,宁德时代,280.252,279.112,282.842,278.682,200190.0,,
2025-07-24,A股,300750.SZ,宁德时代,281.092,277.292,281.292,275.002,223891.0,,
2025-07-25,A股,300750.SZ,宁德时代,277.292,274.892,277.292,273.842,134326.0,,
2025-07-28,A股,300750.SZ,宁德时代,275.112,278.392,281.182,273.392,238973.0,,
2025-07-29,A股,300750.SZ,宁德时代,278.792,283.912,284.092,278.772,233946.0,,
2025-07-30,A股,300750.SZ,宁德时代,284.292,269.182,284.292,268.452,415943.0,,
2025-07-31,A股,300750.SZ,宁德时代,272.892,256.712,274.072,256.712,447104.0,,
2025-08-01,A股,300750.SZ,宁德时代,256.892,255.162,258.692,254.842,252500.0,,
2025-08-04,A股,300750.SZ,宁德时代,255.092,258.572,260.092,253.792,237682.0,,
2025-08-05,A股,300750.SZ,宁德时代,259.592,257.792,261.092,255.592,219760.0,,
2025-08-06,A股,300750.SZ,宁德时代,257.312,257.092,258.992,255.322,153233.0,,
2025-08-07,A股,300750.SZ,宁德时代,257.092,255.142,258.582,254.292,165481.0,,
2025-08-08,A股,300750.SZ,宁德时代,256.092,255.572,258.252,254.102,174282.0,,
2025-08-11,A股,300750.SZ,宁德时代,255.572,255.752,258.242,254.592,213309.0,,
2025-08-12,A股,300750.SZ,宁德时代,255.592,255.342,257.272,249.812,222407.0,,
2025-08-13,A股,300750.SZ,宁德时代,256.862,265.692,267.092,256.602,394668.0,,
2025-08-14,A股,300750.SZ,宁德时代,268.982,271.982,274.092,266.572,371708.0,,
2025-08-15,A股,300750.SZ,宁德时代,270.472,272.762,274.392,268.192,241092.0,,
2025-08-18,A股,300750.SZ,宁德时代,272.762,275.092,277.572,270.112,285288.0,,
2025-08-19,A股,300750.SZ,宁德时代,275.092,269.892,276.092,268.312,244286.0,,
2025-08-20,A股,300750.SZ,宁德时代,270.594,272.294,273.084,265.144,233535.0,,
2025-08-21,A股,300750.SZ,宁德时代,272.364,272.094,274.894,271.094,182698.0,,
2025-08-22,A股,300750.SZ,宁德时代,272.024,280.274,282.444,271.694,264219.0,,
2025-08-25,A股,300750.SZ,宁德时代,283.094,283.374,286.974,279.874,312297.0,,
2025-08-26,A股,300750.SZ,宁德时代,280.114,282.594,284.084,278.674,230245.0,,
2025-08-27,A股,300750.SZ,宁德时代,282.094,271.394,282.634,271.284,382584.0,,
2025-08-28,A股,300750.SZ,宁德时代,269.154,270.504,272.084,265.814,304664.0,,
2025-08-29,A股,300750.SZ,宁德时代,271.404,299.274,309.754,271.044,780139.0,,
2025-09-01,A股,300750.SZ,宁德时代,299.594,297.094,299.994,292.394,429964.0,,
2025-09-02,A股,300750.SZ,宁德时代,297.124,295.964,304.194,292.124,371169.0,,
2025-09-03,A股,300750.SZ,宁德时代,296.594,302.094,304.744,296.124,508975.0,,
2025-09-04,A股,300750.SZ,宁德时代,306.564,297.124,316.424,293.724,657548.0,,
2025-09-05,A股,300750.SZ,宁德时代,292.994,318.204,318.204,292.914,708198.0,,
2025-09-08,A股,300750.SZ,宁德时代,327.094,318.464,330.744,316.594,588346.0,,
2025-09-09,A股,300750.SZ,宁德时代,315.894,313.094,327.674,310.254,434024.0,,
2025-09-10,A股,300750.SZ,宁德时代,311.084,309.134,315.094,306.094,367527.0,,
2025-09-11,A股,300750.SZ,宁德时代,308.644,315.644,316.074,302.134,380345.0,,
2025-09-12,A股,300750.SZ,宁德时代,318.994,318.094,322.994,315.294,338713.0,,
2025-09-15,A股,300750.SZ,宁德时代,339.104,347.794,364.614,337.114,718410.0,,
2025-09-16,A股,300750.SZ,宁德时代,349.204,346.514,352.094,341.594,377445.0,,
2025-09-17,A股,300750.SZ,宁德时代,349.894,370.194,374.974,347.094,543771.0,,
2025-09-18,A股,300750.SZ,宁德时代,367.684,359.984,373.094,353.894,518897.0,,
2025-09-19,A股,300750.SZ,宁德时代,358.094,361.584,368.804,354.814,339149.0,,
2025-09-22,A股,300750.SZ,宁德时代,363.594,363.144,365.814,355.874,285278.0,,
2025-09-23,A股,300750.SZ,宁德时代,361.094,361.244,370.054,353.094,348493.0,,
2025-09-24,A股,300750.SZ,宁德时代,364.094,373.024,373.094,359.154,383145.0,,
2025-09-25,A股,300750.SZ,宁德时代,369.694,385.944,395.684,369.564,466393.0,,
2025-09-26,A股,300750.SZ,宁德时代,385.114,373.494,393.084,373.094,362633.0,,
2025-09-29,A股,300750.SZ,宁德时代,379.434,390.464,392.984,379.104,389647.0,,
2025-09-30,A股,300750.SZ,宁德时代,389.094,395.094,401.974,389.094,330313.0,,
2025-10-09,A股,300750.SZ,宁德时代,393.074,402.984,417.454,392.834,412088.0,,
2025-10-10,A股,300750.SZ,宁德时代,394.094,375.044,396.894,372.104,533118.0,,
2025-10-13,A股,300750.SZ,宁德时代,355.954,367.594,377.694,355.954,471510.0,,
2025-10-14,A股,300750.SZ,宁德时代,374.094,351.094,378.894,348.864,496399.0,,
2025-10-15,A股,300750.SZ,宁德时代,351.594,362.394,362.804,347.854,369934.0,,
2025-10-16,A股,300750.SZ,宁德时代,360.594,361.594,366.994,357.594,276295.0,,
2025-10-17,A股,300750.SZ,宁德时代,360.594,351.234,368.094,350.084,319058.0,,
2025-10-20,A股,300750.SZ,宁德时代,358.094,359.594,361.984,352.624,284324.0,,
2025-10-21,A股,300750.SZ,宁德时代,366.094,368.994,374.444,356.194,446329.0,,
2025-10-22,A股,300750.SZ,宁德时代,368.994,365.954,371.974,361.294,219459.0,,
2025-10-23,A股,300750.SZ,宁德时代,366.894,369.544,371.894,362.094,239981.0,,
2025-10-24,A股,300750.SZ,宁德时代,373.064,378.864,380.894,371.094,320416.0,,
2025-10-27,A股,300750.SZ,宁德时代,386.094,379.274,386.094,369.664,404510.0,,
2025-10-28,A股,300750.SZ,宁德时代,379.254,379.574,386.894,376.114,287083.0,,
2025-10-29,A股,300750.SZ,宁德时代,379.094,393.094,393.134,377.794,344740.0,,
2025-10-30,A股,300750.SZ,宁德时代,399.074,391.384,402.174,389.924,343061.0,,
2025-10-31,A股,300750.SZ,宁德时代,391.094,381.864,399.894,381.294,340484.0,,
2025-11-03,A股,300750.SZ,宁德时代,380.094,379.954,385.004,368.864,263682.0,,
2025-11-04,A股,300750.SZ,宁德时代,376.154,372.044,379.594,367.094,239391.0,,
2025-11-05,A股,300750.SZ,宁德时代,365.944,381.794,386.094,365.094,311425.0,,
2025-11-06,A股,300750.SZ,宁德时代,383.094,387.774,392.584,381.794,234475.0,,
2025-11-07,A股,300750.SZ,宁德时代,386.594,388.464,390.604,381.974,165549.0,,
2025-11-10,A股,300750.SZ,宁德时代,391.494,377.604,393.404,376.414,238960.0,,
2025-11-11,A股,300750.SZ,宁德时代,379.094,378.694,387.864,377.594,193032.0,,
2025-11-12,A股,300750.SZ,宁德时代,383.874,379.474,386.084,377.074,212998.0,,
2025-11-13,A股,300750.SZ,宁德时代,378.144,408.694,414.394,378.144,562654.0,,
2025-11-14,A股,300750.SZ,宁德时代,400.094,397.214,407.694,396.974,241721.0,,
2025-11-17,A股,300750.SZ,宁德时代,381.094,383.874,385.494,375.594,476855.0,,
2025-11-18,A股,300750.SZ,宁德时代,382.094,378.094,391.724,374.094,395658.0,,
2025-11-19,A股,300750.SZ,宁德时代,378.594,384.194,391.534,378.054,292667.0,,
2025-11-20,A股,300750.SZ,宁德时代,387.994,372.484,388.094,370.104,336743.0,,
2025-11-21,A股,300750.SZ,宁德时代,368.094,363.094,376.094,363.094,316313.0,,
2025-11-24,A股,300750.SZ,宁德时代,366.894,363.644,367.994,360.274,228458.0,,
2025-11-25,A股,300750.SZ,宁德时代,368.094,365.454,372.754,363.684,206332.0,,
2025-11-26,A股,300750.SZ,宁德时代,368.594,365.914,368.594,363.164,189107.0,,
2025-11-27,A股,300750.SZ,宁德时代,366.094,364.294,371.974,363.094,222003.0,,
2025-11-28,A股,300750.SZ,宁德时代,363.594,366.294,368.574,359.254,203403.0,,
2025-12-01,A股,300750.SZ,宁德时代,367.854,376.064,376.064,367.124,267510.0,,
2025-12-02,A股,300750.SZ,宁德时代,376.594,373.174,378.074,370.494,163485.0,,
2025-12-03,A股,300750.SZ,宁德时代,373.184,369.174,376.464,368.094,139911.0,,
2025-12-04,A股,300750.SZ,宁德时代,372.284,376.444,376.694,368.244,191658.0,,
2025-12-05,A股,300750.SZ,宁德时代,380.294,382.184,382.404,375.094,232916.0,,
2025-12-08,A股,300750.SZ,宁德时代,383.524,385.594,388.474,378.594,216598.0,,
2025-12-09,A股,300750.SZ,宁德时代,384.594,380.684,385.354,379.094,186918.0,,
2025-12-10,A股,300750.SZ,宁德时代,378.144,375.474,381.094,370.354,194334.0,,
2025-12-11,A股,300750.SZ,宁德时代,377.994,382.084,391.954,376.474,282154.0,,
2025-12-12,A股,300750.SZ,宁德时代,385.094,384.894,386.484,378.594,240020.0,,
2025-12-15,A股,300750.SZ,宁德时代,384.594,378.594,388.064,378.304,182750.0,,
2025-12-16,A股,300750.SZ,宁德时代,379.094,371.504,382.174,371.124,191217.0,,
2025-12-17,A股,300750.SZ,宁德时代,369.544,376.514,377.594,368.154,222574.0,,
2025-12-18,A股,300750.SZ,宁德时代,372.664,365.094,374.044,363.104,296393.0,,
2025-12-19,A股,300750.SZ,宁德时代,367.174,367.094,370.774,363.894,175599.0,,
2025-12-22,A股,300750.SZ,宁德时代,369.094,364.934,371.084,361.194,254935.0,,
2025-12-23,A股,300750.SZ,宁德时代,365.094,371.194,373.594,364.694,236041.0,,
2025-12-24,A股,300750.SZ,宁德时代,371.174,368.694,371.174,365.094,210884.0,,
2025-12-25,A股,300750.SZ,宁德时代,367.304,366.104,367.304,362.214,203431.0,,
2025-12-26,A股,300750.SZ,宁德时代,366.054,367.524,371.094,363.194,257237.0,,
2025-12-29,A股,300750.SZ,宁德时代,367.094,362.404,367.524,361.094,241241.0,,
2025-12-30,A股,300750.SZ,宁德时代,360.194,362.294,364.094,359.654,190308.0,,
2025-12-31,A股,300750.SZ,宁德时代,362.884,360.354,365.094,360.244,160266.0,,
2026-01-05,A股,300750.SZ,宁德时代,363.094,370.594,371.094,361.284,336881.0,,
2026-01-06,A股,300750.SZ,宁德时代,373.094,367.084,373.594,362.134,341477.0,,
2026-01-07,A股,300750.SZ,宁德时代,366.044,364.104,368.574,361.584,262285.0,,
2026-01-08,A股,300750.SZ,宁德时代,361.094,362.304,366.424,360.094,269590.0,,
2026-01-09,A股,300750.SZ,宁德时代,362.264,362.324,370.724,360.104,314772.0,,
2026-01-12,A股,300750.SZ,宁德时代,361.094,354.774,361.094,344.754,488307.0,,
2026-01-13,A股,300750.SZ,宁德时代,359.344,352.094,360.864,350.094,296709.0,,
2026-01-14,A股,300750.SZ,宁德时代,353.124,347.074,354.314,344.804,380834.0,,
2026-01-15,A股,300750.SZ,宁德时代,345.844,346.844,351.374,344.894,323709.0,,
2026-01-16,A股,300750.SZ,宁德时代,351.084,345.414,354.814,344.604,319818.0,,
2026-01-19,A股,300750.SZ,宁德时代,344.564,341.994,348.434,338.424,338643.0,,
2026-01-20,A股,300750.SZ,宁德时代,343.094,342.694,350.004,340.994,354406.0,,
2026-01-21,A股,300750.SZ,宁德时代,345.034,342.904,350.784,342.094,393936.0,,
2026-01-22,A股,300750.SZ,宁德时代,344.124,338.894,346.824,332.594,459948.0,,
2026-01-23,A股,300750.SZ,宁德时代,341.104,340.094,343.094,336.344,339761.0,,
2026-01-26,A股,300750.SZ,宁德时代,345.114,335.144,345.644,334.304,332914.0,,
2026-01-27,A股,300750.SZ,宁德时代,337.984,332.494,337.994,327.114,322949.0,,
2026-01-28,A股,300750.SZ,宁德时代,330.974,333.084,337.094,326.104,463082.0,,
2026-01-29,A股,300750.SZ,宁德时代,333.594,334.984,338.254,331.254,338444.0,,
2026-01-30,A股,300750.SZ,宁德时代,341.494,343.094,346.854,337.194,486501.0,,
2026-02-02,A股,300750.SZ,宁德时代,350.094,342.074,351.084,337.224,391917.0,,
2026-02-03,A股,300750.SZ,宁德时代,342.094,341.004,345.894,336.594,265163.0,,
2026-02-04,A股,300750.SZ,宁德时代,344.054,358.124,359.744,340.604,485317.0,,
2026-02-05,A股,300750.SZ,宁德时代,358.864,356.034,359.844,349.114,284272.0,,
2026-02-06,A股,300750.SZ,宁德时代,352.414,362.204,365.974,351.104,393726.0,,
2026-02-09,A股,300750.SZ,宁德时代,363.594,361.914,365.594,355.694,274486.0,,
2026-02-10,A股,300750.SZ,宁德时代,358.264,358.064,363.894,357.094,185635.0,,
2026-02-11,A股,300750.SZ,宁德时代,359.994,361.094,364.084,357.594,196535.0,,
2026-02-12,A股,300750.SZ,宁德时代,363.094,368.964,370.974,361.124,277546.0,,
2026-02-13,A股,300750.SZ,宁德时代,368.704,358.434,370.094,358.104,223145.0,,
2026-02-24,A股,300750.SZ,宁德时代,365.734,355.044,366.594,355.044,226951.0,,
2026-02-25,A股,300750.SZ,宁德时代,356.784,355.274,359.694,353.194,187166.0,,
2026-02-26,A股,300750.SZ,宁德时代,349.144,339.094,351.294,336.594,435414.0,,
2026-02-27,A股,300750.SZ,宁德时代,340.214,335.104,342.034,335.104,254466.0,,
2026-03-02,A股,300750.SZ,宁德时代,334.094,333.314,337.994,329.774,283513.0,,
2026-03-03,A股,300750.SZ,宁德时代,339.424,337.164,347.444,337.124,400075.0,,
2026-03-04,A股,300750.SZ,宁德时代,334.194,331.994,335.114,327.294,250804.0,,
2026-03-05,A股,300750.SZ,宁德时代,337.674,343.344,346.944,335.754,310061.0,,
2026-03-06,A股,300750.SZ,宁德时代,342.094,347.864,350.114,337.754,209631.0,,
2026-03-09,A股,300750.SZ,宁德时代,341.934,350.594,352.944,338.154,317976.0,,
2026-03-10,A股,300750.SZ,宁德时代,368.094,369.394,372.864,359.594,507417.0,,
2026-03-11,A股,300750.SZ,宁德时代,372.674,389.894,396.644,372.074,575987.0,,
2026-03-12,A股,300750.SZ,宁德时代,393.094,388.594,393.994,385.794,291504.0,,
2026-03-13,A股,300750.SZ,宁德时代,386.974,390.094,397.084,386.894,355826.0,,
2026-03-16,A股,300750.SZ,宁德时代,394.864,401.494,406.264,391.094,373521.0,,
2026-03-17,A股,300750.SZ,宁德时代,408.874,398.094,413.094,397.654,359807.0,,
2026-03-18,A股,300750.SZ,宁德时代,398.454,395.114,399.094,389.864,265300.0,,
2026-03-19,A股,300750.SZ,宁德时代,395.034,393.594,407.094,393.094,292866.0,,
2026-03-20,A股,300750.SZ,宁德时代,398.174,406.094,415.174,393.224,537297.0,,
2026-03-23,A股,300750.SZ,宁德时代,410.424,395.084,410.454,391.844,446141.0,,
2026-03-24,A股,300750.SZ,宁德时代,398.094,390.084,404.994,381.094,364105.0,,
2026-03-25,A股,300750.SZ,宁德时代,386.094,390.904,393.594,380.894,267528.0,,
2026-03-26,A股,300750.SZ,宁德时代,386.934,395.594,406.814,385.094,267637.0,,
2026-03-27,A股,300750.SZ,宁德时代,399.214,409.274,411.424,394.824,302580.0,,
2026-03-30,A股,300750.SZ,宁德时代,406.094,406.094,411.944,398.694,253484.0,,
2026-03-31,A股,300750.SZ,宁德时代,406.094,394.794,410.044,394.674,249256.0,,
2026-04-01,A股,300750.SZ,宁德时代,402.824,398.804,402.964,389.094,231701.0,,
2026-04-02,A股,300750.SZ,宁德时代,400.994,394.264,405.084,390.294,223056.0,,
2026-04-03,A股,300750.SZ,宁德时代,393.094,379.554,393.894,378.224,247515.0,,
2026-04-07,A股,300750.SZ,宁德时代,383.074,377.684,386.294,374.584,172576.0,,
2026-04-08,A股,300750.SZ,宁德时代,389.594,384.394,390.744,381.314,364184.0,,
2026-04-09,A股,300750.SZ,宁德时代,387.194,383.084,387.374,379.754,259552.0,,
2026-04-10,A股,300750.SZ,宁德时代,387.094,409.094,412.094,385.774,507887.0,,
2026-04-13,A股,300750.SZ,宁德时代,411.094,420.224,426.424,409.094,412399.0,,
2026-04-14,A股,300750.SZ,宁德时代,414.594,423.884,425.584,407.494,442208.0,,
2026-04-15,A股,300750.SZ,宁德时代,431.974,424.094,432.554,420.164,373536.0,,
2026-04-16,A股,300750.SZ,宁德时代,434.094,447.074,453.094,426.114,635062.0,,
2026-04-17,A股,300750.SZ,宁德时代,449.054,437.294,450.734,434.104,365358.0,,
2026-04-20,A股,300750.SZ,宁德时代,426.094,425.594,430.994,419.104,529278.0,,
2026-04-21,A股,300750.SZ,宁德时代,428.094,440.694,443.224,418.194,577746.0,,
2026-04-22,A股,300750.SZ,宁德时代,441.01,436.35,447.97,433.13,460254.0,,
2026-04-23,A股,300750.SZ,宁德时代,443.5,438.9,443.6,435.0,354310.0,,
2026-04-24,A股,300750.SZ,宁德时代,442.0,444.9,448.45,438.0,395425.0,,
2026-04-27,A股,300750.SZ,宁德时代,444.63,434.88,448.76,433.8,330613.0,,
2026-04-28,A股,300750.SZ,宁德时代,426.19,427.67,433.3,423.0,350121.0,,
2026-04-29,A股,300750.SZ,宁德时代,432.0,445.0,445.15,428.0,376336.0,,
2026-04-30,A股,300750.SZ,宁德时代,446.5,436.0,449.5,436.0,298121.0,,
2026-05-06,A股,300750.SZ,宁德时代,457.5,460.0,465.88,448.63,473727.0,,
2026-05-07,A股,300750.SZ,宁德时代,468.75,451.64,468.75,447.0,386213.0,,
2026-05-08,A股,300750.SZ,宁德时代,449.0,437.0,455.5,436.2,366049.0,,
2026-05-11,A股,300750.SZ,宁德时代,440.0,446.11,450.51,435.1,341901.0,,
2026-05-12,A股,300750.SZ,宁德时代,446.59,431.25,446.85,429.29,341515.0,,
2026-05-13,A股,300750.SZ,宁德时代,431.01,434.05,436.58,427.08,316858.0,,
2025-01-02,A股,000001.SZ,平安银行,11.132,10.832,11.172,10.792,1819597.0,,
2025-01-03,A股,000001.SZ,平安银行,10.842,10.782,10.942,10.762,1154680.0,,
2025-01-06,A股,000001.SZ,平安银行,10.782,10.842,10.882,10.622,1085536.0,,
2025-01-07,A股,000001.SZ,平安银行,10.822,10.912,10.932,10.772,747863.0,,
2025-01-08,A股,000001.SZ,平安银行,10.902,10.902,11.032,10.802,1062386.0,,
2025-01-09,A股,000001.SZ,平安银行,10.902,10.802,10.902,10.752,751483.0,,
2025-01-10,A股,000001.SZ,平安银行,10.802,10.702,10.862,10.682,798134.0,,
2025-01-13,A股,000001.SZ,平安银行,10.652,10.602,10.662,10.482,934966.0,,
2025-01-14,A股,000001.SZ,平安银行,10.602,10.782,10.802,10.592,824629.0,,
2025-01-15,A股,000001.SZ,平安银行,10.782,10.882,10.982,10.762,1031631.0,,
2025-01-16,A股,000001.SZ,平安银行,10.952,10.972,10.992,10.872,872964.0,,
2025-01-17,A股,000001.SZ,平安银行,10.932,10.852,10.952,10.822,689765.0,,
2025-01-20,A股,000001.SZ,平安银行,10.902,10.822,10.922,10.802,832029.0,,
2025-01-21,A股,000001.SZ,平安银行,10.852,10.732,10.852,10.722,902069.0,,
2025-01-22,A股,000001.SZ,平安银行,10.722,10.492,10.732,10.482,1347129.0,,
2025-01-23,A股,000001.SZ,平安银行,10.572,10.722,10.802,10.572,1514920.0,,
2025-01-24,A股,000001.SZ,平安银行,10.722,10.742,10.792,10.622,944944.0,,
2025-01-27,A股,000001.SZ,平安银行,10.782,10.872,10.952,10.782,1151935.0,,
2025-02-05,A股,000001.SZ,平安银行,10.902,10.772,10.922,10.732,843434.0,,
2025-02-06,A股,000001.SZ,平安银行,10.752,10.762,10.852,10.702,955603.0,,
2025-02-07,A股,000001.SZ,平安银行,10.762,10.782,10.852,10.712,1407493.0,,
2025-02-10,A股,000001.SZ,平安银行,10.782,10.832,10.902,10.762,1026591.0,,
2025-02-11,A股,000001.SZ,平安银行,10.802,10.822,10.872,10.772,844520.0,,
2025-02-12,A股,000001.SZ,平安银行,10.812,10.822,10.832,10.742,988807.0,,
2025-02-13,A股,000001.SZ,平安银行,10.822,10.902,10.952,10.802,1358639.0,,
2025-02-14,A股,000001.SZ,平安银行,10.892,10.952,10.952,10.832,973058.0,,
2025-02-17,A股,000001.SZ,平安银行,11.002,11.182,11.202,10.952,2061965.0,,
2025-02-18,A股,000001.SZ,平安银行,11.162,11.212,11.362,11.162,1996610.0,,
2025-02-19,A股,000001.SZ,平安银行,11.202,11.112,11.212,11.082,1177749.0,,
2025-02-20,A股,000001.SZ,平安银行,11.112,11.062,11.162,11.052,784396.0,,
2025-02-21,A股,000001.SZ,平安银行,11.092,11.042,11.112,10.952,973969.0,,
2025-02-24,A股,000001.SZ,平安银行,11.032,10.992,11.092,10.962,949956.0,,
2025-02-25,A股,000001.SZ,平安银行,10.962,10.872,10.982,10.862,917156.0,,
2025-02-26,A股,000001.SZ,平安银行,10.872,10.922,11.002,10.872,841646.0,,
2025-02-27,A股,000001.SZ,平安银行,10.932,11.022,11.032,10.862,977310.0,,
2025-02-28,A股,000001.SZ,平安银行,10.982,10.932,11.082,10.902,949088.0,,
2025-03-03,A股,000001.SZ,平安银行,10.922,10.912,10.962,10.852,830457.0,,
2025-03-04,A股,000001.SZ,平安银行,10.872,10.912,10.952,10.842,683179.0,,
2025-03-05,A股,000001.SZ,平安银行,10.922,11.062,11.072,10.882,1080645.0,,
2025-03-06,A股,000001.SZ,平安银行,11.092,11.032,11.102,11.002,877408.0,,
2025-03-07,A股,000001.SZ,平安银行,11.032,11.072,11.092,11.002,835537.0,,
2025-03-10,A股,000001.SZ,平安银行,11.062,10.992,11.072,10.952,663834.0,,
2025-03-11,A股,000001.SZ,平安银行,10.942,11.012,11.012,10.922,608975.0,,
2025-03-12,A股,000001.SZ,平安银行,11.002,11.252,11.272,10.962,1877318.0,,
2025-03-13,A股,000001.SZ,平安银行,11.212,11.242,11.312,11.182,1312371.0,,
2025-03-14,A股,000001.SZ,平安银行,11.222,11.372,11.402,11.222,1722418.0,,
2025-03-17,A股,000001.SZ,平安银行,11.032,10.902,11.072,10.862,4603612.0,,
2025-03-18,A股,000001.SZ,平安银行,10.922,10.892,10.942,10.882,1605290.0,,
2025-03-19,A股,000001.SZ,平安银行,10.882,10.922,10.932,10.862,1362455.0,,
2025-03-20,A股,000001.SZ,平安银行,10.912,10.892,11.012,10.892,1101157.0,,
2025-03-21,A股,000001.SZ,平安银行,10.892,10.822,10.922,10.792,1376389.0,,
2025-03-24,A股,000001.SZ,平安银行,10.812,10.782,10.842,10.742,1164577.0,,
2025-03-25,A股,000001.SZ,平安银行,10.782,10.832,10.832,10.762,735609.0,,
2025-03-26,A股,000001.SZ,平安银行,10.822,10.782,10.832,10.772,740863.0,,
2025-03-27,A股,000001.SZ,平安银行,10.772,10.792,10.812,10.752,553349.0,,
2025-03-28,A股,000001.SZ,平安银行,10.792,10.752,10.802,10.742,644946.0,,
2025-03-31,A股,000001.SZ,平安银行,10.762,10.662,10.782,10.662,1116126.0,,
2025-04-01,A股,000001.SZ,平安银行,10.672,10.672,10.702,10.622,681470.0,,
2025-04-02,A股,000001.SZ,平安银行,10.652,10.772,10.812,10.652,932642.0,,
2025-04-03,A股,000001.SZ,平安银行,10.712,10.742,10.792,10.702,643914.0,,
2025-04-07,A股,000001.SZ,平安银行,10.402,10.102,10.452,9.882,2545560.0,,
2025-04-08,A股,000001.SZ,平安银行,10.082,10.222,10.252,10.062,1463988.0,,
2025-04-09,A股,000001.SZ,平安银行,10.132,10.202,10.232,10.062,1064394.0,,
2025-04-10,A股,000001.SZ,平安银行,10.262,10.302,10.332,10.222,866548.0,,
2025-04-11,A股,000001.SZ,平安银行,10.272,10.292,10.302,10.232,583879.0,,
2025-04-14,A股,000001.SZ,平安银行,10.352,10.332,10.442,10.322,785993.0,,
2025-04-15,A股,000001.SZ,平安银行,10.322,10.352,10.372,10.302,722754.0,,
2025-04-16,A股,000001.SZ,平安银行,10.332,10.402,10.412,10.312,842822.0,,
2025-04-17,A股,000001.SZ,平安银行,10.352,10.462,10.482,10.332,823919.0,,
2025-04-18,A股,000001.SZ,平安银行,10.442,10.582,10.592,10.432,727098.0,,
2025-04-21,A股,000001.SZ,平安银行,10.402,10.422,10.532,10.372,1114184.0,,
2025-04-22,A股,000001.SZ,平安银行,10.422,10.442,10.462,10.382,831129.0,,
2025-04-23,A股,000001.SZ,平安银行,10.442,10.412,10.452,10.372,586383.0,,
2025-04-24,A股,000001.SZ,平安银行,10.402,10.432,10.462,10.392,689256.0,,
2025-04-25,A股,000001.SZ,平安银行,10.442,10.412,10.452,10.392,637547.0,,
2025-04-28,A股,000001.SZ,平安银行,10.402,10.402,10.442,10.362,642018.0,,
2025-04-29,A股,000001.SZ,平安银行,10.402,10.382,10.422,10.352,649045.0,,
2025-04-30,A股,000001.SZ,平安银行,10.362,10.312,10.372,10.292,869835.0,,
2025-05-06,A股,000001.SZ,平安银行,10.322,10.362,10.402,10.292,854671.0,,
2025-05-07,A股,000001.SZ,平安银行,10.412,10.432,10.442,10.372,1126270.0,,
2025-05-08,A股,000001.SZ,平安银行,10.402,10.482,10.482,10.392,1056614.0,,
2025-05-09,A股,000001.SZ,平安银行,10.472,10.552,10.572,10.462,999897.0,,
2025-05-12,A股,000001.SZ,平安银行,10.562,10.562,10.622,10.532,895605.0,,
2025-05-13,A股,000001.SZ,平安银行,10.592,10.692,10.732,10.552,1261031.0,,
2025-05-14,A股,000001.SZ,平安银行,10.692,10.832,10.872,10.652,1683514.0,,
2025-05-15,A股,000001.SZ,平安银行,10.832,10.792,10.902,10.782,1035460.0,,
2025-05-16,A股,000001.SZ,平安银行,10.772,10.782,10.832,10.712,914744.0,,
2025-05-19,A股,000001.SZ,平安银行,10.802,10.772,10.872,10.762,831391.0,,
2025-05-20,A股,000001.SZ,平安银行,10.802,10.792,10.872,10.772,643635.0,,
2025-05-21,A股,000001.SZ,平安银行,10.802,10.882,10.992,10.792,1328278.0,,
2025-05-22,A股,000001.SZ,平安银行,10.852,10.952,10.962,10.842,1002968.0,,
2025-05-23,A股,000001.SZ,平安银行,10.952,10.862,11.002,10.832,962643.0,,
2025-05-26,A股,000001.SZ,平安银行,10.842,10.822,10.902,10.802,699159.0,,
2025-05-27,A股,000001.SZ,平安银行,10.852,10.892,10.942,10.822,801915.0,,
2025-05-28,A股,000001.SZ,平安银行,10.902,10.932,10.952,10.842,658179.0,,
2025-05-29,A股,000001.SZ,平安银行,10.922,10.862,10.952,10.852,919807.0,,
2025-05-30,A股,000001.SZ,平安银行,10.872,10.962,10.982,10.842,1130849.0,,
2025-06-03,A股,000001.SZ,平安银行,10.942,11.212,11.312,10.932,2192480.0,,
2025-06-04,A股,000001.SZ,平安银行,11.222,11.242,11.282,11.182,1167960.0,,
2025-06-05,A股,000001.SZ,平安银行,11.282,11.072,11.312,11.062,1166803.0,,
2025-06-06,A股,000001.SZ,平安银行,11.102,11.102,11.192,11.082,682353.0,,
2025-06-09,A股,000001.SZ,平安银行,11.132,11.112,11.152,11.052,773255.0,,
2025-06-10,A股,000001.SZ,平安银行,11.122,11.212,11.292,11.112,1428132.0,,
2025-06-11,A股,000001.SZ,平安银行,11.222,11.252,11.332,11.192,1094667.0,,
2025-06-12,A股,000001.SZ,平安银行,11.324,11.444,11.464,11.284,1290220.0,,
2025-06-13,A股,000001.SZ,平安银行,11.444,11.344,11.504,11.324,1095494.0,,
2025-06-16,A股,000001.SZ,平安银行,11.334,11.554,11.554,11.294,1174438.0,,
2025-06-17,A股,000001.SZ,平安银行,11.554,11.524,11.644,11.474,890027.0,,
2025-06-18,A股,000001.SZ,平安银行,11.544,11.534,11.574,11.424,683521.0,,
2025-06-19,A股,000001.SZ,平安银行,11.524,11.464,11.544,11.414,832247.0,,
2025-06-20,A股,000001.SZ,平安银行,11.464,11.604,11.624,11.434,1309198.0,,
2025-06-23,A股,000001.SZ,平安银行,11.574,11.694,11.734,11.434,1389170.0,,
2025-06-24,A股,000001.SZ,平安银行,11.664,11.694,11.774,11.604,1308525.0,,
2025-06-25,A股,000001.SZ,平安银行,11.694,11.824,11.844,11.594,1675116.0,,
2025-06-26,A股,000001.SZ,平安银行,11.814,12.174,12.244,11.774,2174578.0,,
2025-06-27,A股,000001.SZ,平安银行,12.134,11.964,12.344,11.894,2377600.0,,
2025-06-30,A股,000001.SZ,平安银行,11.904,11.834,11.934,11.724,1504820.0,,
2025-07-01,A股,000001.SZ,平安银行,11.824,12.064,12.094,11.824,1354341.0,,
2025-07-02,A股,000001.SZ,平安银行,12.074,12.084,12.174,11.994,1200412.0,,
2025-07-03,A股,000001.SZ,平安银行,12.094,12.114,12.184,12.044,794086.0,,
2025-07-04,A股,000001.SZ,平安银行,12.114,12.364,12.484,12.064,1775333.0,,
2025-07-07,A股,000001.SZ,平安银行,12.364,12.544,12.584,12.364,1495407.0,,
2025-07-08,A股,000001.SZ,平安银行,12.514,12.454,12.604,12.414,1090986.0,,
2025-07-09,A股,000001.SZ,平安银行,12.424,12.604,12.664,12.424,1205963.0,,
2025-07-10,A股,000001.SZ,平安银行,12.584,12.944,13.094,12.554,2481416.0,,
2025-07-11,A股,000001.SZ,平安银行,12.954,12.674,13.064,12.654,2443744.0,,
2025-07-14,A股,000001.SZ,平安银行,12.634,12.744,12.934,12.624,1872896.0,,
2025-07-15,A股,000001.SZ,平安银行,12.754,12.494,12.804,12.474,1810531.0,,
2025-07-16,A股,000001.SZ,平安银行,12.494,12.404,12.524,12.264,1927864.0,,
2025-07-17,A股,000001.SZ,平安银行,12.374,12.354,12.464,12.304,944641.0,,
2025-07-18,A股,000001.SZ,平安银行,12.384,12.464,12.514,12.364,1241206.0,,
2025-07-21,A股,000001.SZ,平安银行,12.404,12.374,12.474,12.314,1079027.0,,
2025-07-22,A股,000001.SZ,平安银行,12.364,12.254,12.364,12.084,1935229.0,,
2025-07-23,A股,000001.SZ,平安银行,12.224,12.294,12.394,12.214,1370520.0,,
2025-07-24,A股,000001.SZ,平安银行,12.294,12.114,12.294,12.094,1959351.0,,
2025-07-25,A股,000001.SZ,平安银行,12.094,12.114,12.224,12.084,1108267.0,,
2025-07-28,A股,000001.SZ,平安银行,12.114,12.224,12.294,12.084,1238243.0,,
2025-07-29,A股,000001.SZ,平安银行,12.224,12.104,12.274,12.104,1012818.0,,
2025-07-30,A股,000001.SZ,平安银行,12.114,12.254,12.404,12.104,1715164.0,,
2025-07-31,A股,000001.SZ,平安银行,12.274,11.994,12.314,11.984,1690081.0,,
2025-08-01,A股,000001.SZ,平安银行,12.004,12.044,12.094,11.914,1012187.0,,
2025-08-04,A股,000001.SZ,平安银行,12.004,12.064,12.144,11.974,1032690.0,,
2025-08-05,A股,000001.SZ,平安银行,12.064,12.234,12.264,12.044,1132078.0,,
2025-08-06,A股,000001.SZ,平安银行,12.234,12.224,12.284,12.164,690448.0,,
2025-08-07,A股,000001.SZ,平安银行,12.204,12.234,12.294,12.154,722053.0,,
2025-08-08,A股,000001.SZ,平安银行,12.244,12.164,12.294,12.154,829796.0,,
2025-08-11,A股,000001.SZ,平安银行,12.164,12.064,12.184,12.034,934353.0,,
2025-08-12,A股,000001.SZ,平安银行,12.064,12.094,12.164,12.064,680056.0,,
2025-08-13,A股,000001.SZ,平安银行,12.134,12.024,12.164,11.994,1119813.0,,
2025-08-14,A股,000001.SZ,平安银行,12.034,11.964,12.104,11.954,1241041.0,,
2025-08-15,A股,000001.SZ,平安银行,11.994,11.844,11.994,11.704,1948503.0,,
2025-08-18,A股,000001.SZ,平安银行,11.824,11.844,11.914,11.794,1239058.0,,
2025-08-19,A股,000001.SZ,平安银行,11.864,11.824,11.884,11.784,892860.0,,
2025-08-20,A股,000001.SZ,平安银行,11.824,11.834,11.884,11.744,1048739.0,,
2025-08-21,A股,000001.SZ,平安银行,11.814,11.914,11.954,11.794,1217418.0,,
2025-08-22,A股,000001.SZ,平安银行,11.914,11.824,11.934,11.744,1644260.0,,
2025-08-25,A股,000001.SZ,平安银行,11.884,12.214,12.294,11.864,3045088.0,,
2025-08-26,A股,000001.SZ,平安银行,12.214,12.124,12.264,12.064,1383599.0,,
2025-08-27,A股,000001.SZ,平安银行,12.084,11.824,12.124,11.814,1860050.0,,
2025-08-28,A股,000001.SZ,平安银行,11.854,11.844,11.904,11.734,1653588.0,,
2025-08-29,A股,000001.SZ,平安银行,11.814,11.814,11.984,11.794,1805126.0,,
2025-09-01,A股,000001.SZ,平安银行,11.814,11.654,11.814,11.614,1858459.0,,
2025-09-02,A股,000001.SZ,平安银行,11.614,11.744,11.754,11.604,1492716.0,,
2025-09-03,A股,000001.SZ,平安银行,11.744,11.514,11.774,11.504,1367232.0,,
2025-09-04,A股,000001.SZ,平安银行,11.524,11.504,11.534,11.364,1295300.0,,
2025-09-05,A股,000001.SZ,平安银行,11.494,11.484,11.504,11.394,819662.0,,
2025-09-08,A股,000001.SZ,平安银行,11.474,11.464,11.544,11.434,924431.0,,
2025-09-09,A股,000001.SZ,平安银行,11.474,11.514,11.544,11.444,860539.0,,
2025-09-10,A股,000001.SZ,平安银行,11.504,11.534,11.554,11.474,792668.0,,
2025-09-11,A股,000001.SZ,平安银行,11.534,11.614,11.614,11.474,963932.0,,
2025-09-12,A股,000001.SZ,平安银行,11.594,11.484,11.644,11.464,940385.0,,
2025-09-15,A股,000001.SZ,平安银行,11.464,11.414,11.484,11.394,840387.0,,
2025-09-16,A股,000001.SZ,平安银行,11.424,11.404,11.474,11.374,708048.0,,
2025-09-17,A股,000001.SZ,平安银行,11.404,11.404,11.434,11.344,771129.0,,
2025-09-18,A股,000001.SZ,平安银行,11.414,11.174,11.424,11.144,1386160.0,,
2025-09-19,A股,000001.SZ,平安银行,11.174,11.214,11.274,11.134,834651.0,,
2025-09-22,A股,000001.SZ,平安银行,11.204,11.144,11.234,11.134,596402.0,,
2025-09-23,A股,000001.SZ,平安银行,11.134,11.284,11.344,11.084,1341430.0,,
2025-09-24,A股,000001.SZ,平安银行,11.274,11.224,11.384,11.194,1139583.0,,
2025-09-25,A股,000001.SZ,平安银行,11.194,11.164,11.234,11.124,773276.0,,
2025-09-26,A股,000001.SZ,平安银行,11.154,11.164,11.204,11.084,753239.0,,
2025-09-29,A股,000001.SZ,平安银行,11.164,11.134,11.244,11.034,1176012.0,,
2025-09-30,A股,000001.SZ,平安银行,11.134,11.104,11.134,11.054,832479.0,,
2025-10-09,A股,000001.SZ,平安银行,11.094,11.164,11.174,11.034,1047469.0,,
2025-10-10,A股,000001.SZ,平安银行,11.134,11.194,11.254,11.124,1087948.0,,
2025-10-13,A股,000001.SZ,平安银行,11.084,11.164,11.224,11.044,1168802.0,,
2025-10-14,A股,000001.SZ,平安银行,11.154,11.334,11.364,11.124,1843428.0,,
2025-10-15,A股,000001.SZ,平安银行,11.34,11.4,11.42,11.26,1271061.0,,
2025-10-16,A股,000001.SZ,平安银行,11.38,11.54,11.55,11.36,1261937.0,,
2025-10-17,A股,000001.SZ,平安银行,11.5,11.4,11.58,11.38,1039666.0,,
2025-10-20,A股,000001.SZ,平安银行,11.41,11.42,11.45,11.27,952641.0,,
2025-10-21,A股,000001.SZ,平安银行,11.4,11.43,11.47,11.39,761165.0,,
2025-10-22,A股,000001.SZ,平安银行,11.4,11.52,11.54,11.4,833703.0,,
2025-10-23,A股,000001.SZ,平安银行,11.52,11.63,11.71,11.5,1373112.0,,
2025-10-24,A股,000001.SZ,平安银行,11.6,11.56,11.68,11.55,980475.0,,
2025-10-27,A股,000001.SZ,平安银行,11.54,11.52,11.61,11.44,1239485.0,,
2025-10-28,A股,000001.SZ,平安银行,11.53,11.47,11.58,11.42,821568.0,,
2025-10-29,A股,000001.SZ,平安银行,11.46,11.39,11.46,11.36,966214.0,,
2025-10-30,A股,000001.SZ,平安银行,11.38,11.38,11.47,11.36,943770.0,,
2025-10-31,A股,000001.SZ,平安银行,11.38,11.32,11.4,11.3,970193.0,,
2025-11-03,A股,000001.SZ,平安银行,11.34,11.43,11.44,11.3,952326.0,,
2025-11-04,A股,000001.SZ,平安银行,11.42,11.59,11.64,11.4,1503007.0,,
2025-11-05,A股,000001.SZ,平安银行,11.59,11.52,11.6,11.5,794926.0,,
2025-11-06,A股,000001.SZ,平安银行,11.5,11.51,11.58,11.47,766585.0,,
2025-11-07,A股,000001.SZ,平安银行,11.52,11.55,11.58,11.5,734851.0,,
2025-11-10,A股,000001.SZ,平安银行,11.52,11.63,11.64,11.45,827208.0,,
2025-11-11,A股,000001.SZ,平安银行,11.62,11.67,11.69,11.57,886509.0,,
2025-11-12,A股,000001.SZ,平安银行,11.7,11.68,11.79,11.65,1141325.0,,
2025-11-13,A股,000001.SZ,平安银行,11.68,11.7,11.72,11.57,978991.0,,
2025-11-14,A股,000001.SZ,平安银行,11.67,11.75,11.84,11.66,1316995.0,,
2025-11-17,A股,000001.SZ,平安银行,11.75,11.67,11.75,11.62,995233.0,,
2025-11-18,A股,000001.SZ,平安银行,11.65,11.59,11.69,11.57,670077.0,,
2025-11-19,A股,000001.SZ,平安银行,11.58,11.8,11.83,11.57,1334996.0,,
2025-11-20,A股,000001.SZ,平安银行,11.79,11.85,11.99,11.74,1637040.0,,
2025-11-21,A股,000001.SZ,平安银行,11.8,11.69,11.88,11.66,1465359.0,,
2025-11-24,A股,000001.SZ,平安银行,11.7,11.6,11.73,11.6,1117119.0,,
2025-11-25,A股,000001.SZ,平安银行,11.61,11.8,11.8,11.58,1028081.0,,
2025-11-26,A股,000001.SZ,平安银行,11.81,11.69,11.85,11.65,821301.0,,
2025-11-27,A股,000001.SZ,平安银行,11.66,11.71,11.71,11.58,1011847.0,,
2025-11-28,A股,000001.SZ,平安银行,11.67,11.61,11.68,11.58,884358.0,,
2025-12-01,A股,000001.SZ,平安银行,11.6,11.69,11.7,11.53,1037323.0,,
2025-12-02,A股,000001.SZ,平安银行,11.68,11.64,11.73,11.59,768060.0,,
2025-12-03,A股,000001.SZ,平安银行,11.64,11.55,11.7,11.54,944601.0,,
2025-12-04,A股,000001.SZ,平安银行,11.55,11.49,11.58,11.46,886090.0,,
2025-12-05,A股,000001.SZ,平安银行,11.49,11.53,11.54,11.4,890766.0,,
2025-12-08,A股,000001.SZ,平安银行,11.49,11.52,11.6,11.48,855899.0,,
2025-12-09,A股,000001.SZ,平安银行,11.52,11.43,11.54,11.43,733957.0,,
2025-12-10,A股,000001.SZ,平安银行,11.44,11.33,11.46,11.29,1044065.0,,
2025-12-11,A股,000001.SZ,平安银行,11.35,11.37,11.39,11.3,925261.0,,
2025-12-12,A股,000001.SZ,平安银行,11.37,11.35,11.43,11.3,1191895.0,,
2025-12-15,A股,000001.SZ,平安银行,11.34,11.51,11.54,11.33,940833.0,,
2025-12-16,A股,000001.SZ,平安银行,11.49,11.48,11.55,11.44,647351.0,,
2025-12-17,A股,000001.SZ,平安银行,11.47,11.53,11.58,11.42,701495.0,,
2025-12-18,A股,000001.SZ,平安银行,11.51,11.64,11.65,11.48,790467.0,,
2025-12-19,A股,000001.SZ,平安银行,11.63,11.62,11.65,11.58,649886.0,,
2025-12-22,A股,000001.SZ,平安银行,11.61,11.52,11.61,11.51,742369.0,,
2025-12-23,A股,000001.SZ,平安银行,11.52,11.56,11.6,11.5,666266.0,,
2025-12-24,A股,000001.SZ,平安银行,11.55,11.54,11.58,11.49,505244.0,,
2025-12-25,A股,000001.SZ,平安银行,11.54,11.56,11.62,11.52,547455.0,,
2025-12-26,A股,000001.SZ,平安银行,11.56,11.54,11.59,11.53,436340.0,,
2025-12-29,A股,000001.SZ,平安银行,11.54,11.56,11.62,11.5,648295.0,,
2025-12-30,A股,000001.SZ,平安银行,11.53,11.48,11.56,11.45,582584.0,,
2025-12-31,A股,000001.SZ,平安银行,11.48,11.41,11.49,11.4,590620.0,,
2026-01-05,A股,000001.SZ,平安银行,11.42,11.5,11.51,11.41,875491.0,,
2026-01-06,A股,000001.SZ,平安银行,11.5,11.67,11.68,11.48,1304648.0,,
2026-01-07,A股,000001.SZ,平安银行,11.66,11.64,11.82,11.62,966236.0,,
2026-01-08,A股,000001.SZ,平安银行,11.64,11.51,11.65,11.49,1100085.0,,
2026-01-09,A股,000001.SZ,平安银行,11.53,11.46,11.53,11.44,983390.0,,
2026-01-12,A股,000001.SZ,平安银行,11.45,11.48,11.49,11.42,855213.0,,
2026-01-13,A股,000001.SZ,平安银行,11.48,11.47,11.54,11.44,1061541.0,,
2026-01-14,A股,000001.SZ,平安银行,11.47,11.36,11.47,11.35,1274757.0,,
2026-01-15,A股,000001.SZ,平安银行,11.33,11.31,11.37,11.3,884960.0,,
2026-01-16,A股,000001.SZ,平安银行,11.34,11.19,11.34,11.16,1119473.0,,
2026-01-19,A股,000001.SZ,平安银行,11.15,11.12,11.21,11.11,804741.0,,
2026-01-20,A股,000001.SZ,平安银行,11.12,11.16,11.2,11.11,772276.0,,
2026-01-21,A股,000001.SZ,平安银行,11.15,11.07,11.18,11.06,900125.0,,
2026-01-22,A股,000001.SZ,平安银行,11.07,11.07,11.15,11.05,788635.0,,
2026-01-23,A股,000001.SZ,平安银行,11.07,10.99,11.09,10.98,1109994.0,,
2026-01-26,A股,000001.SZ,平安银行,10.98,10.96,11.06,10.92,1106247.0,,
2026-01-27,A股,000001.SZ,平安银行,10.96,10.94,11.03,10.93,894091.0,,
2026-01-28,A股,000001.SZ,平安银行,10.94,10.84,10.99,10.82,1438766.0,,
2026-01-29,A股,000001.SZ,平安银行,10.84,10.96,10.98,10.66,1852994.0,,
2026-01-30,A股,000001.SZ,平安银行,10.94,10.83,11.03,10.83,1091755.0,,
2026-02-02,A股,000001.SZ,平安银行,10.82,10.86,11.03,10.8,1223173.0,,
2026-02-03,A股,000001.SZ,平安银行,10.89,10.84,10.9,10.77,806628.0,,
2026-02-04,A股,000001.SZ,平安银行,10.85,10.97,10.98,10.84,695415.0,,
2026-02-05,A股,000001.SZ,平安银行,10.98,11.09,11.11,10.96,1177591.0,,
2026-02-06,A股,000001.SZ,平安银行,11.08,11.05,11.14,10.99,727710.0,,
2026-02-09,A股,000001.SZ,平安银行,11.05,11.07,11.11,11.01,619717.0,,
2026-02-10,A股,000001.SZ,平安银行,11.07,11.06,11.1,11.02,600430.0,,
2026-02-11,A股,000001.SZ,平安银行,11.06,11.07,11.09,11.02,431041.0,,
2026-02-12,A股,000001.SZ,平安银行,11.07,10.96,11.08,10.93,681340.0,,
2026-02-13,A股,000001.SZ,平安银行,10.96,10.91,10.99,10.9,555047.0,,
2026-02-24,A股,000001.SZ,平安银行,10.93,10.91,10.95,10.88,602512.0,,
2026-02-25,A股,000001.SZ,平安银行,10.91,10.86,10.95,10.78,1063135.0,,
2026-02-26,A股,000001.SZ,平安银行,10.86,10.87,10.91,10.8,712730.0,,
2026-02-27,A股,000001.SZ,平安银行,10.86,10.9,10.92,10.84,612228.0,,
2026-03-02,A股,000001.SZ,平安银行,10.85,10.85,10.89,10.77,838874.0,,
2026-03-03,A股,000001.SZ,平安银行,10.85,10.88,10.95,10.8,1028695.0,,
2026-03-04,A股,000001.SZ,平安银行,10.84,10.71,10.84,10.67,1089714.0,,
2026-03-05,A股,000001.SZ,平安银行,10.72,10.81,10.84,10.7,712641.0,,
2026-03-06,A股,000001.SZ,平安银行,10.78,10.82,10.84,10.77,476577.0,,
2026-03-09,A股,000001.SZ,平安银行,10.79,10.76,10.82,10.74,835892.0,,
2026-03-10,A股,000001.SZ,平安银行,10.77,10.81,10.81,10.73,790112.0,,
2026-03-11,A股,000001.SZ,平安银行,10.79,10.89,10.9,10.77,720535.0,,
2026-03-12,A股,000001.SZ,平安银行,10.87,10.94,10.96,10.85,754906.0,,
2026-03-13,A股,000001.SZ,平安银行,10.93,10.93,11.0,10.87,841939.0,,
2026-03-16,A股,000001.SZ,平安银行,10.93,10.92,10.97,10.88,715603.0,,
2026-03-17,A股,000001.SZ,平安银行,10.91,11.03,11.07,10.9,1076657.0,,
2026-03-18,A股,000001.SZ,平安银行,11.04,10.96,11.04,10.91,791079.0,,
2026-03-19,A股,000001.SZ,平安银行,10.92,10.88,10.97,10.86,624212.0,,
2026-03-20,A股,000001.SZ,平安银行,10.87,10.77,10.94,10.76,834083.0,,
2026-03-23,A股,000001.SZ,平安银行,10.68,10.45,10.68,10.43,1580088.0,,
2026-03-24,A股,000001.SZ,平安银行,10.52,10.88,10.89,10.52,1622251.0,,
2026-03-25,A股,000001.SZ,平安银行,10.89,10.94,10.95,10.79,744780.0,,
2026-03-26,A股,000001.SZ,平安银行,10.91,10.94,11.05,10.9,827664.0,,
2026-03-27,A股,000001.SZ,平安银行,10.91,11.02,11.05,10.83,884129.0,,
2026-03-30,A股,000001.SZ,平安银行,10.98,10.99,11.05,10.94,632522.0,,
2026-03-31,A股,000001.SZ,平安银行,11.0,11.08,11.18,10.99,1164565.0,,
2026-04-01,A股,000001.SZ,平安银行,11.09,11.15,11.23,11.08,918925.0,,
2026-04-02,A股,000001.SZ,平安银行,11.15,11.27,11.32,11.13,1148895.0,,
2026-04-03,A股,000001.SZ,平安银行,11.28,11.12,11.28,11.09,757757.0,,
2026-04-07,A股,000001.SZ,平安银行,11.12,11.03,11.14,10.97,607955.0,,
2026-04-08,A股,000001.SZ,平安银行,11.11,11.22,11.22,11.05,812976.0,,
2026-04-09,A股,000001.SZ,平安银行,11.17,11.1,11.22,11.06,602365.0,,
2026-04-10,A股,000001.SZ,平安银行,11.1,11.09,11.13,11.07,481047.0,,
2026-04-13,A股,000001.SZ,平安银行,11.05,11.07,11.09,11.03,406104.0,,
2026-04-14,A股,000001.SZ,平安银行,11.07,11.17,11.17,11.07,496151.0,,
2026-04-15,A股,000001.SZ,平安银行,11.16,11.21,11.22,11.15,503938.0,,
2026-04-16,A股,000001.SZ,平安银行,11.2,11.09,11.23,11.07,680915.0,,
2026-04-17,A股,000001.SZ,平安银行,11.09,11.01,11.11,10.99,722530.0,,
2026-04-20,A股,000001.SZ,平安银行,11.01,11.06,11.07,10.96,630034.0,,
2026-04-21,A股,000001.SZ,平安银行,11.04,11.08,11.16,11.03,806946.0,,
2026-04-22,A股,000001.SZ,平安银行,11.08,10.98,11.09,10.95,839054.0,,
2026-04-23,A股,000001.SZ,平安银行,10.98,11.0,11.03,10.93,648067.0,,
2026-04-24,A股,000001.SZ,平安银行,10.98,11.0,11.03,10.92,582710.0,,
2026-04-27,A股,000001.SZ,平安银行,11.33,11.38,11.57,11.29,3401276.0,,
2026-04-28,A股,000001.SZ,平安银行,11.36,11.46,11.46,11.32,1674259.0,,
2026-04-29,A股,000001.SZ,平安银行,11.43,11.52,11.54,11.39,1378423.0,,
2026-04-30,A股,000001.SZ,平安银行,11.5,11.49,11.6,11.46,1139242.0,,
2026-05-06,A股,000001.SZ,平安银行,11.5,11.36,11.5,11.3,1216388.0,,
2026-05-07,A股,000001.SZ,平安银行,11.37,11.37,11.39,11.3,936958.0,,
2026-05-08,A股,000001.SZ,平安银行,11.34,11.3,11.42,11.3,798820.0,,
2026-05-11,A股,000001.SZ,平安银行,11.29,11.28,11.31,11.16,931865.0,,
2026-05-12,A股,000001.SZ,平安银行,11.28,11.25,11.36,11.21,1029038.0,,
2026-05-13,A股,000001.SZ,平安银行,11.25,11.14,11.28,11.11,1017974.0,,
